id,age
935,3689
9816,3147
16515,2538
11628,2985
11975,3070
17669,1868
27900,1659
6816,3572
22629,1938
28223,1641
10366,2038
33689,504
8556,3187
32968,667
27615,1771
4393,3800
15197,2274
24072,2107
8833,3201
9656,3239
7847,3421
1004,3836
16688,2718
32926,672
32666,592
28619,1588
8313,2688
34598,210
23851,2223
28522,1502
29074,617
23084,860
28706,1576
18418,2617
30073,1253
1131,3745
12549,3037
30074,374
20676,2454
34120,399
14826,2830
14250,2889
34375,327
13252,2918
25613,1376
16198,2716
5314,3727
5572,3648
8992,2907
17685,1907
20733,2382
27909,1704
30434,505
34208,310
32787,700
21129,2281
16207,253
5689,3621
34918,146
7118,3514
4690,3679
4146,3806
30002,1254
6593,3583
8297,3276
26285,1694
32962,667
10239,3185
34930,165
9414,2468
29632,1355
21420,2377
5756,3664
19065,2510
5263,3737
15382,2804
32240,698
12393,3041
15343,2805
30126,1313
15334,2776
29313,1453
7730,3343
22954,2228
16312,2734
34996,146
31412,941
14567,2828
12898,2935
32553,749
15554,2790
22873,2254
11604,3087
2424,3932
35025,136
33688,489
28806,146
28008,1638
35014,139
20870,2434
34329,335
32177,842
6914,3513
31245,1092
1,4092
6926,3302
10969,3037
4264,3670
8213,3366
30561,1190
19262,2513
33196,518
10342,3147
8367,3289
11805,3070
20634,2433
30463,293
27339,1621
8064,2825
4571,3783
34293,333
6796,3493
31542,904
23567,2163
28356,1294
34589,246
32458,707
8543,3341
33080,621
35227,59
23811,2198
11655,3036
8655,3308
8648,3311
34860,125
9914,3129
32053,873
8449,3262
30491,1249
9562,3236
14611,2805
29244,1322
11583,3065
13686,2881
25600,1871
13425,2662
13861,2895
7144,3490
7973,3402
13692,2711
28595,1572
14200,2584
34275,324
11600,3025
5202,3142
9531,3145
30695,1190
16643,2625
34647,215
35075,98
31075,896
34429,265
34671,207
14107,2763
34232,328
30539,717
34175,327
34940,135
34564,244
29307,709
34352,277
17216,2656
34427,246
22623,2219
15993,2733
6773,3543
7634,3250
7414,3455
16465,2401
33607,433
9976,3186
24245,2154
35059,53
10058,3122
18002,2215
34621,186
30674,1068
32927,625
22865,2123
33307,533
31668,356
4694,3485
34076,364
25023,1963
30623,190
32102,814
30247,1266
308,4044
32657,681
35007,104
14482,2638
26458,1888
28609,1506
34411,270
30742,1111
34423,223
6413,3588
34118,323
33340,530
30562,1210
25701,1995
9542,3213
10459,3109
32919,636
33787,432
28722,491
34451,246
31792,909
20182,2440
34952,99
19138,2356
4257,3737
30566,1187
29974,1313
15519,2665
25402,1350
11297,3022
16137,2504
31779,880
35016,33
14288,2842
32586,690
31068,1062
34980,94
34226,279
13039,2937
4523,3753
17566,2395
34260,143
14119,2854
33693,244
6476,3374
31721,845
19298,2149
8122,3354
6737,3427
7166,3379
31581,315
16708,2637
34520,189
31033,1088
34750,158
32755,644
11536,2985
33765,414
35058,52
34720,161
34346,274
5241,3418
31857,824
35067,51
6681,3516
24828,2010
11166,3072
34653,180
27565,1706
30455,1183
14394,2455
32148,796
16011,2082
9708,3176
33795,396
34107,329
31813,857
15527,739
167,3882
33634,451
29775,1156
32671,644
34665,97
34340,270
32921,616
32020,615
23360,2154
34543,204
9642,2744
33492,459
23922,1298
33473,318
5803,3607
7353,3390
1179,3666
24777,1981
28048,1623
30615,1172
34712,54
30380,1219
33612,267
30077,1208
32114,811
33240,524
21961,2297
13177,2588
12825,2930
28329,1556
33717,411
33244,471
6282,3567
34892,97
29543,1319
31746,888
24061,2115
4149,3160
6968,3468
12404,2884
9545,3192
34123,313
8846,3261
34319,190
8104,60
31737,895
28062,1608
32363,726
21387,2288
28748,1497
16164,97
15206,2747
9535,2750
19134,2486
7130,3443
32029,794
10234,3019
33594,445
32581,671
9311,3188
9303,3120
31072,1002
34271,114
32190,620
23866,2135
28743,1489
30750,1122
11075,2656
27418,1655
26922,1790
16339,2492
31450,953
30555,1145
34913,58
31683,854
6618,3485
20778,2324
31506,868
35024,50
17068,2566
14805,2753
27442,1498
5559,2572
31976,800
31652,698
15054,2673
33502,316
33648,349
30996,1050
597,3863
33881,223
8864,3225
14525,2683
32688,623
21785,2275
31213,1006
33525,427
21798,2227
10910,2980
27032,1751
34290,111
32667,601
13095,2720
6962,3431
32398,679
5112,2335
29122,1270
28701,1396
7233,3145
1955,3878
33292,460
33543,84
29759,1211
31664,763
28499,1335
32074,627
30409,1100
11090,3011
21991,2236
12640,2816
27427,1679
33732,339
31052,1014
33871,308
34181,124
7549,3344
34728,51
30858,1042
8108,3282
9236,3169
7294,2364
1926,3896
33455,397
17097,2507
34533,46
31730,828
17559,1946
27774,1606
819,3584
33813,51
23618,1337
32333,238
27446,1316
34067,171
29260,1211
31906,51
16768,2553
8161,3038
20813,2284
33905,274
25241,1721
33121,222
21778,2110
9373,1419
28691,1127
32352,649
8157,3047
34821,31
32717,559
34718,60
33950,78
31827,683
33161,396
27190,1597
29870,989
32675,545
19234,2330
7369,3320
21107,2254
34584,84
29425,1237
33712,327
31719,625
5948,3445
18816,2169
13671,2540
32288,605
841,3595
9369,3109
32411,574
2711,3688
33898,272
32594,549
32736,526
33301,166
18904,2385
21715,2204
33173,374
29071,1092
21069,2075
34579,76
28271,1418
24965,1928
28719,1174
33780,250
32433,143
29037,1179
30911,977
33536,244
21528,2187
11290,2767
34213,112
33828,266
27256,1534
20498,2252
23266,744
13995,2568
8863,3124
29605,534
31039,718
33036,431
31291,816
29296,365
20663,2203
33786,240
20408,1130
7156,3290
33519,301
3153,3500
32881,476
30407,1061
12932,2568
27419,1544
3031,3664
5997,3410
28759,1357
33125,69
23804,1964
34026,47
9139,2428
28514,1386
32090,485
7198,3269
21757,1721
30534,1035
2733,3201
30902,944
33558,293
30696,781
29568,990
26693,1367
32349,572
11292,2886
33282,350
28675,981
24744,1818
4727,3185
7488,3226
30810,821
31289,853
33741,219
24824,1882
28088,154
19724,2280
11904,2768
18551,1770
9003,2744
11539,2514
34141,83
30893,925
33986,97
9247,2206
21247,2157
34201,121
31769,346
30744,792
29088,833
33192,352
32219,566
34173,64
19391,1826
26686,1642
31749,699
33945,166
8726,3076
2033,3374
26343,1678
32291,526
34017,140
29350,1086
20104,1842
28510,1299
33284,231
33987,41
18279,1529
27345,286
33816,192
19690,2248
21909,2046
28295,395
15895,2069
34205,92
33130,320
33380,275
30998,704
31288,626
13689,2620
33582,233
30859,568
32036,540
9200,2925
10135,2751
24501,1717
18236,1141
31754,138
33756,187
12670,2268
16282,2394
14675,2566
27086,1231
14985,2543
9257,2897
18575,2287
11491,2762
22312,616
23950,1897
11928,2097
33636,195
12907,1566
31280,728
33431,236
20775,2131
31503,720
27329,1378
32326,448
28781,1138
32523,424
10273,2787
33826,141
30523,936
17440,88
30028,163
26250,1642
34125,70
30793,861
33643,163
26721,1573
28410,916
33006,44
26141,1610
33341,223
32203,313
14885,2493
19521,2030
23871,1715
5046,3286
34041,39
29889,976
2463,3467
31335,729
20172,2102
30609,880
27838,1350
33652,145
30678,865
10338,1630
33774,116
24780,1248
24816,1722
31662,630
782,3589
29880,339
11082,2763
19904,2152
20746,1682
26220,1392
32110,495
31814,540
33576,57
32266,462
6854,3191
17255,1406
30495,714
7386,3114
33379,195
14624,2219
30314,905
32833,321
6484,3166
32537,334
33613,89
13294,2548
33273,212
28403,897
16721,2078
28159,1257
33818,39
22636,1428
27676,502
25738,1294
10420,2526
23279,1834
31616,139
12188,1972
28752,490
30229,926
29422,189
8042,2912
20171,1398
23182,1854
31027,709
27809,884
28094,1088
32469,377
17363,2281
32425,392
6732,2998
28275,1166
33760,84
19743,1986
27498,237
8318,2939
33835,30
22170,1908
28372,1134
32578,343
27715,1332
33872,49
8212,2918
17042,2222
30746,262
29863,896
9592,1993
16347,846
33003,246
32617,139
14552,2317
5805,3199
30855,756
16373,2310
30777,729
30449,231
30262,696
8898,1568
32803,224
18810,2146
29058,1096
32531,310
29805,958
21232,1895
28899,1093
24162,1607
30906,726
16690,1815
33344,137
22998,1838
30025,729
32493,314
13551,2099
18250,1081
33512,71
19604,1786
30238,855
32238,337
7543,2959
6547,3091
33195,154
360,3634
32577,287
6469,3160
31525,432
32712,187
30515,785
32075,126
20805,1963
32728,183
29865,903
33602,39
25089,1588
5575,3221
29911,885
33370,84
31016,637
18781,2002
32722,68
30075,261
9268,2796
27330,1190
17119,2186
14972,826
32070,327
28022,1151
31871,434
6994,2917
27499,878
30438,766
2,3618
31268,589
21273,1885
31510,334
31425,245
11952,2558
30384,761
32432,256
30395,698
22477,1792
31828,152
32245,160
31455,524
31825,145
31479,504
2475,2789
23757,1636
20466,1931
30516,344
26032,413
33295,54
29585,828
31241,562
4162,2797
32635,200
33128,91
30582,675
14352,2284
7102,2898
25625,1379
32171,282
31821,309
33012,95
12398,2489
27478,922
27915,1160
28367,859
16308,1977
30171,773
33061,92
30092,717
20865,1279
17031,188
22997,1405
8731,2779
5196,3164
27880,321
26580,950
23847,1628
16186,334
32395,193
18511,501
32637,147
13852,2122
32533,174
1736,3421
16068,1131
28621,283
29191,920
8770,2753
33032,30
29100,922
15921,2146
30963,550
32204,58
29156,199
13178,2386
30211,35
1669,3451
29349,876
20363,1829
25726,59
32880,77
32158,37
9555,2611
10086,2603
28128,1023
17686,287
27252,872
21570,1690
27224,1190
23078,1656
16957,1170
32690,65
32281,200
9061,2682
6928,2885
4491,3110
11564,2463
28332,962
30447,644
32956,37
32802,45
27954,1045
32431,88
2472,3271
28721,892
31713,225
11816,2436
18256,751
25635,324
29268,852
32067,170
18031,1799
25277,1410
7654,2386
32205,145
5733,3008
31239,437
10288,2182
19193,1889
15935,2005
28849,804
27052,1181
31750,304
31928,202
32220,180
32643,71
31310,163
24872,1446
17927,951
4608,3121
28182,99
31537,125
23928,1525
22018,1672
27380,115
27399,1062
27383,1083
32163,143
32211,146
24849,884
32518,82
6167,2964
7249,2808
9649,2513
30643,527
30533,118
8175,2572
2276,2065
28618,883
25877,1282
23650,1535
26581,853
8866,2373
32541,56
20190,1773
26584,1200
26272,1260
31552,315
32296,117
28654,867
12356,2338
26571,983
26118,1216
30095,632
32519,49
12171,2345
30676,503
6683,2869
28735,265
26106,898
30165,586
11744,2029
21813,1649
22076,1637
11810,2298
9725,1934
28014,668
20944,608
14369,1852
8482,2650
30705,146
31959,154
32304,91
26647,948
19779,1787
8988,2343
11929,2290
31823,209
8745,2536
29161,735
20312,1727
29157,533
8099,2622
20754,510
29909,624
18058,1504
6062,2516
31902,147
17843,579
7888,2682
10298,1794
2218,3158
31695,209
17130,1743
17799,1790
32417,33
32108,46
29702,646
5792,2923
17813,1778
27180,437
31806,70
30921,257
23267,1273
9426,2434
30755,420
32073,54
26617,1122
12860,1856
11076,2142
29139,523
21692,1560
16222,1924
32260,59
31916,95
30408,390
23365,1450
29729,456
25666,1226
4460,3031
28607,768
16771,1930
31706,186
14232,2106
13702,2079
30617,450
30759,391
30081,557
31482,224
30054,448
10379,2384
29144,565
28910,663
29466,530
25001,1318
22271,1266
29360,645
12988,2211
22093,1371
29131,607
27619,970
30618,384
30621,389
21970,1564
23601,889
10250,2388
29298,594
9963,2164
30192,116
30356,482
31960,78
27944,659
31835,137
18736,1279
17887,1695
16984,1867
29397,398
31108,308
19184,1744
30670,361
25254,1267
27815,820
27621,949
20451,1596
24791,1267
29954,440
10343,2373
31258,273
23598,1123
6633,2135
26498,1078
22406,1332
18742,1603
26689,32
30905,79
17264,1846
11109,2299
23518,1383
30660,380
29586,601
31575,167
24604,1301
28032,846
23383,1399
24890,1218
29217,599
30209,379
30690,369
31752,96
31733,117
31420,215
18841,123
13988,1788
22165,1451
26768,1048
18295,379
31353,86
14892,701
25397,1210
28614,734
29891,514
11347,2225
27594,908
12597,2170
8037,1862
11683,1546
11589,2196
14029,102
10806,2282
29631,36
26114,908
27057,932
1011,2720
20635,1573
8084,2477
31870,62
23829,918
29270,329
28664,357
16310,1560
12021,1932
29647,554
31528,93
2792,2989
4978,2884
31836,61
31106,237
23314,1183
25011,1225
31903,41
31209,87
30133,430
29671,56
20301,1586
27336,805
31004,259
27420,512
30920,275
28470,539
28948,613
31648,90
29650,485
14287,1916
25251,1160
27141,317
30650,137
15237,1916
2592,2996
8878,2288
29405,526
29236,558
30842,276
30458,248
23467,454
31256,194
14070,1904
22799,1194
6873,2573
30322,389
22259,1332
28354,535
30598,332
7923,2523
18795,1677
22595,1397
29147,183
1916,3059
31817,34
26463,925
24580,1202
27302,826
970,3101
29125,589
22437,1414
30110,420
13915,1981
18955,1610
30009,404
16615,1791
11692,2164
31565,35
28050,735
30428,155
19118,1595
18480,827
23312,962
28208,709
31643,37
22290,947
27614,829
30357,357
31568,48
30927,201
28570,326
29620,262
11085,1139
26340,1020
21714,1151
10022,1515
5950,2656
29614,502
31416,57
29615,500
10311,2073
29539,505
22578,1008
16668,1738
31539,71
25837,814
1523,2297
30418,334
11503,1883
21672,747
1446,2907
24999,1044
6610,2580
10864,252
27068,898
27462,585
26588,712
21224,1221
28613,602
31449,45
3099,2830
23317,1163
6133,2690
29269,126
31464,84
17591,1574
28071,666
27633,644
25817,46
14807,1615
28452,606
29503,471
28628,582
31562,48
6924,2503
25648,982
30728,135
26570,360
10108,174
29344,475
15362,1300
31182,136
14570,1854
30735,146
8125,2348
21741,1394
24100,534
29864,378
26546,917
21314,1354
25113,942
30113,308
30547,130
15279,1741
20401,1414
22534,1189
14131,1854
9712,2147
30442,111
31210,44
26867,887
13734,1937
23924,581
30298,294
30173,291
29525,453
29013,110
27589,552
25290,159
16845,1360
31012,138
29124,506
9057,2045
30687,209
12050,1825
9625,2035
290,2829
29792,316
19956,1496
13438,1875
11444,2081
28718,330
19519,374
10873,2120
25820,953
28714,440
30221,291
29874,315
8532,2280
18051,1511
28374,118
13009,1962
25591,1021
30669,134
31093,96
29201,474
30844,147
27781,689
22078,957
23060,1244
26422,797
17896,1056
26970,733
27822,624
10206,2121
30883,121
30657,171
2889,2764
13770,1868
31204,54
19990,1444
30717,84
26931,763
28949,354
26628,773
12281,1557
28082,478
28402,230
31189,40
8716,1954
21914,538
26490,823
16006,806
10237,2109
55,2946
27386,684
30107,263
20523,1388
13478,1795
30679,139
15064,237
24919,1041
30410,111
23781,56
27941,619
26359,868
21302,1284
12542,1925
21284,1320
30272,97
15692,1699
29579,351
16036,251
25138,563
17776,1543
30692,37
8749,2226
29970,259
29745,195
28502,83
22948,779
29834,181
29272,346
26387,293
6577,2485
29239,395
2062,2846
28180,420
12193,1912
22042,1201
29549,255
20100,1227
20191,1379
30619,127
8932,2206
27887,606
261,2914
29291,312
30944,46
2696,2793
10607,2055
21111,1294
30814,59
23125,741
30309,141
27079,662
16353,670
26936,737
19098,308
28471,99
330,2996
7016,2293
10413,1033
30775,68
30740,48
16511,1558
26916,733
28396,477
30722,80
30200,158
745,2578
9995,2032
30445,104
18591,1475
28777,126
4187,1720
30796,60
28063,76
29222,369
26449,617
7186,2369
6876,2417
21883,805
30220,110
11880,1938
28258,63
2394,2728
518,2894
29278,310
21922,1212
4128,2247
19316,1384
27978,504
29502,130
29062,87
30297,151
26233,669
30159,174
27550,630
22321,565
29106,342
29979,139
5754,2519
2903,2483
1653,2873
9098,2050
29941,210
14162,1644
25630,701
8362,1855
28100,503
29908,151
4428,2319
30772,32
28875,195
22484,1160
28322,192
27979,308
24005,1035
15222,1576
28011,507
8116,2191
30099,166
23186,1069
16896,1529
7185,2332
30648,40
8580,1735
30198,63
30013,167
19766,1275
13637,1606
29796,213
29311,99
1607,2547
24250,897
27632,581
27532,567
27215,608
27742,561
1918,2810
23364,620
27683,571
28543,382
27622,579
27626,579
17499,1454
20229,1297
24757,906
16274,1554
28504,402
20722,1123
28186,55
5367,2471
29811,58
2874,2691
29958,149
7141,2297
13370,1448
8097,649
14173,1621
28140,125
25564,763
1091,1997
7404,1912
29831,121
25733,834
13111,1483
29364,146
11391,1775
29668,192
12323,1835
14123,1694
17880,1262
15209,1495
8674,2133
6579,1657
29964,127
20106,1226
30278,86
8478,2151
28435,148
23735,830
26143,762
12743,580
28940,209
19490,51
25587,802
25553,822
28370,372
24797,200
26040,166
30170,93
22713,175
29165,280
19124,95
29451,217
15309,1516
29907,110
19457,1132
11278,1846
30143,69
29132,55
26299,693
28239,117
29238,196
24504,922
21537,914
18152,337
29377,210
28608,344
10112,1945
27738,500
28710,327
7822,2146
15439,1460
28459,95
7065,1817
20863,1183
27056,601
21892,708
10670,1912
5624,1041
30084,86
28025,433
25048,629
24168,331
9171,2040
26297,454
11479,1835
14270,1253
18142,1364
17109,1407
8767,2067
1063,2700
16258,1184
396,2738
20866,1159
19159,1288
21830,785
17765,1207
25946,522
30154,55
30218,38
28889,167
15888,1494
28412,153
27842,41
29657,155
29995,77
23717,906
8911,1710
128,2131
21797,1059
25674,757
27898,400
704,2749
2799,2426
16520,1415
21723,1052
18851,1293
24132,903
21369,1111
27459,237
19156,1137
10980,1781
13323,1679
9146,1882
6541,61
2271,2662
23140,376
29793,99
26133,552
28373,315
16352,1309
11580,1487
21907,255
8768,1851
26365,169
16363,54
24687,461
26505,195
17120,1334
9076,1689
21451,1082
15984,1357
16251,890
29674,102
26569,482
15905,1354
2245,2644
24470,844
3217,2397
18204,162
16963,934
10608,1675
29068,183
29572,121
4,2801
8994,1866
29383,146
24165,788
27458,469
26968,510
28695,232
27060,512
27977,329
16960,1338
26286,291
17893,1103
29675,76
26139,645
16069,708
10850,1727
27654,420
24131,726
4355,2430
20675,1075
27983,354
28287,155
23163,935
27078,508
26196,582
12259,1707
22899,933
29254,148
8788,1925
26925,299
26541,559
8757,1731
5623,2213
25186,358
29850,32
6678,2055
29209,149
23913,844
25111,707
16203,1276
18916,874
26899,474
29514,89
18320,1116
17126,149
29369,111
20868,547
29335,106
27153,371
24,2694
27488,264
26339,450
28665,214
28646,199
24042,835
23942,629
2813,2207
25588,527
28521,230
7272,1782
28331,31
22680,761
26222,571
17270,1298
12156,1624
27794,34
22895,72
28869,81
17556,820
25618,489
7614,1455
29423,80
23625,844
20970,1041
28518,83
25764,622
25643,185
22013,833
14027,1410
7385,2095
8688,1965
26134,478
16523,1247
19930,714
21041,514
4328,2393
7872,2042
28637,195
20378,1069
24188,562
25562,653
12906,1192
27681,364
17888,1251
13557,1337
23969,803
19055,1049
28563,127
19307,1091
27593,350
29355,78
7509,2072
28935,140
23081,696
27385,358
27372,392
26507,517
29297,35
23449,776
15648,1363
28433,111
21740,883
29233,69
24574,755
23561,844
6488,2216
8021,1940
16881,207
10644,1765
21691,958
10384,1575
18085,1226
11869,889
12015,1653
16635,1241
10267,1493
27012,451
10857,932
27471,51
21987,940
21479,768
14790,1401
10061,1612
28376,202
15685,831
25493,565
27566,317
12024,1407
19115,941
25747,607
25067,638
26678,229
17280,1179
28489,81
14749,1282
25431,641
6598,2042
27507,332
27549,330
11561,1554
28454,180
15961,1295
28671,128
29370,46
29339,49
28035,235
17709,1218
25865,591
19461,1110
29452,31
25547,451
27143,391
26776,324
7,2682
21897,644
29051,92
16628,1207
19494,51
26775,327
27000,311
20156,985
24831,693
18368,385
28961,56
2243,2533
24297,706
1390,2568
28592,152
20751,852
27253,343
21032,746
27181,294
25936,545
7219,1782
20936,965
19644,1066
20354,1022
26892,433
23211,825
27995,104
21794,762
28842,83
27382,305
25388,606
27366,302
22124,800
27368,279
27370,298
27496,278
27346,298
27511,299
15857,1215
18665,1108
1561,2517
24454,416
29053,59
28956,31
9701,1624
22102,407
15471,1211
21486,883
11069,1659
9317,1812
9172,1833
29093,40
25903,539
28411,146
15834,1313
28174,149
27069,370
14614,1324
11915,1602
21470,743
27749,31
17860,1174
91,2542
16365,839
20560,921
14806,1267
12715,1532
11365,146
13953,1439
6637,1538
7189,39
25238,608
25838,497
28012,105
28427,108
19578,972
27173,134
27349,270
28054,196
8148,1864
16479,722
22016,775
26311,393
27641,266
8686,1610
26598,425
11782,1023
23512,674
24407,646
16551,791
26790,400
23303,716
26288,102
13426,1451
24427,517
22072,370
21657,104
27668,106
14538,290
16448,821
16012,922
25601,540
12946,1406
8446,1836
26181,342
27602,53
28176,118
3185,2236
28653,75
16171,1179
26402,85
9044,1712
25575,537
23083,749
24952,497
27578,258
28529,87
23848,551
9610,632
13487,988
27008,340
11969,1534
23458,639
22776,763
11159,1353
14766,1300
13747,1175
23517,582
26972,307
20369,835
28799,40
17505,1142
13807,545
7769,1919
27766,216
13629,987
2376,2337
16124,1056
28101,92
12455,1510
26767,348
28726,34
14320,1110
14151,1310
24635,612
21747,551
26235,322
28716,40
27961,157
27733,125
18997,950
21518,728
25740,467
14090,1369
9820,1604
26815,352
26355,371
22694,769
21781,830
26464,382
4268,1068
8406,183
25891,385
25284,517
27361,212
22608,491
26095,422
11672,1364
26488,376
7160,1440
19137,908
24115,507
6851,1591
25171,542
28328,77
25273,476
7921,1599
21686,812
8276,1707
7567,1639
13157,215
16253,40
21428,781
19140,980
23133,216
21626,768
25695,444
18288,883
26198,409
24654,277
14581,819
18503,231
9155,864
16513,462
25167,206
25571,485
28171,85
15285,793
21875,48
9631,1482
16367,551
23226,629
23885,639
12076,1304
19554,907
26460,302
23479,382
20905,863
25568,479
28278,38
21113,680
1297,2350
18180,65
6159,2023
26072,414
19853,901
25221,436
22560,97
22683,698
24645,558
15100,1196
25456,483
23840,640
24739,461
23235,663
1054,2047
9107,1716
20223,618
17190,154
17272,1094
14764,1244
19224,259
25907,431
11827,1483
10303,53
17780,1062
21561,157
9176,1612
24638,562
22255,752
15695,252
12408,1142
22421,740
19944,264
12924,1373
25058,469
23276,514
25664,450
21558,799
27191,43
7080,1833
19741,823
26405,284
26733,274
2583,2308
23630,635
22582,710
12080,1145
27201,204
2622,2305
24904,145
16710,701
22323,696
21151,471
19844,149
26006,59
17386,763
11186,838
23414,326
6763,1790
27678,132
7715,1785
25395,467
27577,161
7012,1756
9961,1615
17549,294
22299,461
1921,1963
27212,37
26101,371
19532,567
18014,774
22604,630
10063,1597
27300,193
21099,781
24147,544
27695,70
19318,109
16358,1097
6525,1476
333,2362
23215,304
8246,1523
18971,928
27576,120
24713,344
8873,1662
18409,246
25376,397
23417,349
9029,1114
10155,69
12659,483
7069,1894
7764,1755
26948,243
26151,333
17795,803
26445,271
15699,1137
14084,970
15492,750
25033,442
13343,1322
19849,772
21414,652
25638,361
25073,425
6735,1932
18242,942
13912,1183
18889,402
19564,883
26079,347
12112,1250
26690,213
20721,801
28060,33
26828,233
24710,44
21800,706
13511,390
2011,2105
8119,1567
7307,1791
11237,755
27546,105
16704,1019
5558,1814
22380,343
17920,985
17981,951
22224,657
23401,601
23173,608
18940,820
25972,222
27334,59
27947,40
26088,329
23729,43
15122,414
21279,595
17938,644
23887,527
13940,1034
16150,1079
5638,2002
26644,242
8056,1504
10628,1159
23416,491
23760,163
20902,542
6449,1953
22689,640
25943,168
23970,524
26639,132
14760,1162
17151,960
6088,263
24711,379
10735,1406
20479,650
24127,507
22522,609
2928,489
26263,286
7693,1582
24438,486
6589,1725
27697,72
14757,1148
6558,1693
25432,379
6172,1959
25050,397
11934,295
24549,397
14356,943
22432,643
9178,1608
8351,1560
18552,531
16264,717
21249,631
14203,285
23644,37
26861,196
11303,1227
22977,525
5930,1250
21690,688
748,2266
26089,267
25632,335
18343,901
170,2256
13404,1272
20160,656
11418,1384
26247,60
12867,1306
10453,957
12382,744
17491,962
24441,461
10439,1128
27701,51
18529,244
8344,1686
18783,674
26674,198
12767,1224
26025,239
14852,945
25585,55
27006,141
7776,1473
25731,314
13998,1154
538,2262
5109,622
18777,855
26310,204
25550,336
22066,635
17430,853
7191,1791
27490,80
22752,589
25660,112
11878,1256
27338,93
6697,1756
6908,883
27699,37
6537,1865
26702,105
26991,136
12826,1291
17656,54
26131,252
3211,1426
26874,156
26155,246
11105,1324
11885,911
26535,30
11307,1176
14291,284
27040,133
27277,66
26275,130
12950,1276
11269,1296
18476,850
26734,142
12813,711
27585,38
24056,317
14039,1165
14532,1078
11809,1304
18063,534
7338,1652
2417,2035
22818,99
26251,118
24209,343
12947,850
8347,1042
25489,317
9237,1324
10787,1420
25847,226
19593,666
22395,588
22905,309
1032,2371
21407,631
24269,435
15233,96
19684,647
11731,106
9796,1488
26772,150
17045,934
21020,616
26895,76
21531,293
21103,673
26018,230
17716,900
21550,568
25899,259
12296,1008
23055,506
25301,182
14676,1097
27188,76
26907,33
26650,159
9218,1428
14870,1083
19173,801
26504,134
18623,650
26415,187
20226,491
26038,147
25505,210
25675,282
20414,712
18286,860
13667,1183
12802,634
16803,924
22153,455
21683,600
589,2022
24299,409
23430,299
26651,47
25805,191
15736,993
26441,141
23037,526
22878,337
22157,547
15027,1070
22446,462
22021,209
9191,1492
26729,140
16190,260
26880,112
24043,292
20259,707
9979,872
15326,847
11221,314
26213,206
14091,472
126,2082
18546,753
22959,444
7226,1688
26509,158
27059,84
26171,106
26886,75
19960,628
25072,285
24064,127
18785,792
25239,42
1894,1958
23766,437
20162,695
6491,1833
20050,268
26015,42
23419,47
21143,538
16425,774
6721,1388
14865,986
16821,884
10073,673
22711,519
26576,53
7038,773
25320,48
12385,1211
26679,119
27156,44
8264,295
12261,1196
13562,1014
13636,1152
18653,789
25169,173
6671,1127
8623,1564
2888,2036
17812,39
8652,643
9788,1284
10034,578
18179,816
113,406
22306,498
17245,879
24286,150
24099,30
15007,274
986,1918
23636,384
25437,183
20146,557
21334,527
14517,1009
20035,512
25444,254
21891,245
15371,764
19191,427
26438,132
21698,501
12927,1119
6039,1833
15062,1011
25990,167
27037,46
23271,457
26019,84
26548,80
23874,97
8358,1554
25080,279
24883,253
16289,927
12175,1218
18446,624
18494,774
22037,382
22368,350
26590,104
13431,1086
11022,1293
8181,144
22932,384
17257,852
10035,1391
23375,409
19072,707
17645,726
23958,225
22687,457
9396,1281
26159,130
23822,245
15518,707
7264,1574
13229,482
19686,589
12841,1071
24978,246
12882,116
7700,1568
8662,999
14377,874
7582,1617
26185,105
19576,461
21554,524
19380,604
22960,312
16168,780
9664,1314
8072,1570
13047,730
7007,1672
17814,649
25977,87
26645,70
12178,217
20971,530
1313,2119
12547,868
24564,222
8289,1478
23454,38
8851,1420
24647,292
20208,536
23759,259
10134,558
17922,775
16986,837
26097,108
20220,498
17331,803
9572,607
23805,358
6794,1672
2759,2018
14007,845
24355,292
20883,566
17275,811
25135,65
10518,1150
13108,212
24223,313
14273,1021
2750,2014
25336,207
20854,560
7706,1581
26153,108
14758,931
9361,1242
25079,195
20705,533
19736,647
17256,589
25984,103
20031,610
25007,231
7787,1567
7784,1119
23046,217
11636,55
24649,269
2914,2005
10583,1213
11616,1183
20279,164
25055,173
17954,733
23771,305
13134,968
23659,307
22104,426
24116,49
22405,431
9323,1291
23310,234
16759,812
659,2060
15074,642
16212,748
8592,1247
20123,601
22056,293
1343,1943
25373,30
22745,45
24247,168
12519,62
14064,1015
25351,163
8259,1483
26120,58
5735,1792
7293,1526
17589,662
9397,1258
11748,1180
22559,376
24903,222
6522,1697
20764,500
20000,535
26456,30
23185,337
17288,443
21135,156
25225,160
25245,183
10992,1210
18602,686
17478,734
25433,66
26271,56
26242,63
15168,915
11317,758
18603,685
20033,501
12484,1120
17947,202
24013,270
11762,1083
9030,581
612,1944
20570,210
13717,1025
6482,1708
11819,1062
88,1550
24330,244
20205,223
25551,143
9408,762
6882,914
11968,1152
20099,452
23382,340
14509,882
23889,168
16703,790
16059,470
14510,659
14101,667
19283,188
25651,124
7795,876
12395,1120
13167,634
18347,672
19910,161
14867,793
19478,285
16237,817
14744,148
8290,1366
25559,130
12634,1101
11704,614
6984,1548
19178,341
22059,422
26157,51
21516,349
10207,491
17001,727
10353,797
25544,75
23043,328
26229,37
19384,512
12736,492
6638,1542
8174,1470
19740,503
16305,660
19707,200
21239,474
20850,508
24925,175
24924,175
15524,780
8190,1403
21485,398
25448,76
24290,33
16277,802
25006,170
25005,170
13919,938
25077,132
25904,50
12651,920
18266,581
20812,504
12892,950
23680,168
5280,1723
23709,41
21908,347
19122,616
20443,523
2834,1852
25026,153
11268,930
23012,129
21515,127
25720,82
23435,314
23821,265
23602,295
7217,1536
21204,439
17788,104
11313,994
14620,906
25237,138
18115,639
18404,296
25846,41
22810,316
14562,766
22589,334
21510,152
25065,40
19350,396
17626,681
17564,530
964,2122
21950,355
7979,981
18176,637
20826,280
8041,1113
708,2154
21363,120
17752,503
7662,1497
8257,1377
20734,466
10443,749
25235,105
17592,662
10392,1182
19919,470
25640,48
22003,397
7010,1560
10257,1217
22874,341
16206,143
19194,587
18627,98
20638,490
24870,97
21023,282
14348,680
3191,1836
6650,1618
20686,235
894,1965
9416,1118
23983,89
8126,1137
11897,372
12038,1089
9582,1204
11081,1107
14610,751
18845,582
12056,1065
18600,606
9918,100
9423,1191
25105,87
25109,124
19737,527
12972,1029
23094,307
10487,1118
23984,229
24062,221
25323,60
6843,1541
14962,855
20184,412
11227,1142
25274,30
7104,151
18898,596
7173,1443
13962,930
9569,1259
23754,215
20770,460
6287,888
6825,1121
6804,1106
22064,357
20361,403
14598,869
10547,323
23803,159
9207,700
1555,390
20998,68
23936,109
21999,367
17959,339
18182,184
20403,452
19774,467
17784,305
25242,73
10497,1186
7468,1259
14340,848
20809,87
5660,1595
7711,1454
15967,630
13158,856
13642,781
24006,73
20380,445
23363,62
15447,667
7805,1436
8124,1252
10672,832
7613,1458
23823,64
8786,1321
13630,916
21355,384
16278,739
25041,102
20128,333
22263,212
16157,693
17842,478
15808,777
23882,132
679,2108
9452,1077
25022,98
11592,1062
23825,201
14447,725
18746,364
22831,33
18640,584
7562,1451
11171,1115
10391,1170
19790,393
13564,937
6849,1513
7350,1456
12686,986
11138,573
16046,741
15077,809
19142,523
7109,1490
22724,282
16907,680
13002,728
5677,168
19999,45
16627,287
8776,1297
24037,146
23092,252
23900,77
1106,1127
9194,1034
20277,440
20287,422
6524,1531
7368,1331
22111,191
19011,477
17019,602
23100,132
23674,93
19265,510
10781,1051
23142,127
24612,77
9500,1222
21514,364
15178,427
22731,98
7751,1386
22607,95
21307,44
21013,388
24095,129
22448,262
14973,212
14511,449
14605,673
6635,1552
18784,526
12807,977
16625,617
21511,66
14025,76
13883,802
12297,746
23733,187
18462,561
20965,136
18335,435
8215,1151
668,1207
18498,455
14057,781
8158,1361
17292,561
14831,794
14947,786
22454,266
18332,426
10705,1073
21241,370
20217,401
22775,237
21216,370
5371,1674
20129,442
6348,1561
9588,1216
13539,265
23883,126
12092,957
2419,1719
21297,334
22218,272
24533,116
15070,762
18595,503
7253,1455
23450,209
18464,270
22774,236
9162,1252
22600,62
24908,73
12955,815
15750,693
23741,136
21977,253
8054,1365
17172,497
14591,540
20340,43
19884,463
23249,217
24164,118
3009,1267
23565,174
21722,295
7725,1309
25128,45
10959,1092
22219,271
21141,368
12199,997
16618,567
8976,1182
9234,1176
11862,298
21144,342
18338,530
21648,320
23026,33
19901,342
12071,999
20858,383
24785,36
6987,1240
9775,971
13344,903
16620,644
18893,522
19312,213
23433,131
22863,245
23446,128
20244,384
9589,387
15929,518
25085,42
16883,459
20297,414
22077,257
18337,519
7018,1355
11642,929
13295,704
19119,504
12000,1007
22342,275
9988,797
10897,1090
9514,244
20462,187
10213,1096
13124,644
8882,1267
8205,1331
17742,512
10836,1098
22220,257
7230,1375
22226,243
21539,140
14768,787
18805,502
7331,1350
24648,75
18339,517
24022,116
16197,618
22514,201
21660,288
8766,1255
18967,508
17599,219
21696,306
21865,292
22221,250
20120,337
22781,220
22735,193
7745,1308
979,1860
15917,493
17540,415
18321,459
12279,760
8736,1210
23330,76
24080,114
13063,924
6456,1547
15002,741
6486,1476
5044,1685
19590,396
6991,1273
24311,89
17361,505
17243,42
18717,369
17218,574
21872,293
16027,676
22946,221
17821,472
15333,484
11509,969
6508,560
9037,1236
24289,44
23205,174
24559,37
21406,287
14819,747
8777,1245
10215,1043
24786,42
20140,388
20079,410
12388,943
8129,239
11264,730
16686,213
20446,384
11803,609
11034,952
13248,503
15409,612
5707,1567
21242,313
9216,1055
17070,604
11426,121
11397,1020
20507,148
19991,151
15140,736
11889,896
12320,941
22060,240
19935,388
14037,171
22036,124
21007,325
20509,333
7665,1031
10374,1094
19948,175
19481,199
22778,189
11750,482
156,1356
13485,721
17192,574
23082,83
13380,814
22664,104
19814,396
18563,510
23006,196
24081,90
9064,916
24575,60
12088,844
21361,167
16297,629
6754,1295
4476,1202
14063,550
13290,838
19206,381
19755,407
21618,35
16871,431
22650,51
23184,147
16233,624
8151,1270
24741,30
18429,449
21598,219
21125,230
19227,454
18903,450
8614,202
7428,1364
24288,64
9622,1120
8802,1231
10115,967
23122,167
11151,921
17244,580
20411,354
14907,523
19642,411
22020,214
20506,297
7229,1158
10556,1026
18455,485
24406,66
21591,282
12804,645
17901,532
3012,1764
8789,1226
22779,179
20910,194
9276,1181
15123,717
13372,444
11155,985
23483,125
21649,174
22981,178
5545,454
9312,933
19587,360
16518,548
18225,283
13719,805
7565,983
10526,552
22227,183
14576,743
19046,454
7121,1034
18092,356
2506,1156
9382,1150
7063,1293
6951,1046
11047,1005
20541,294
9152,516
12394,613
22793,193
18205,507
7195,1211
21077,67
21288,153
11538,946
20797,59
16421,610
9930,1085
7729,1295
14643,735
19153,241
10347,246
22692,189
20761,325
19520,279
10438,1065
11865,840
7478,1321
22041,182
7037,649
13070,721
4656,1664
22830,165
21668,254
11708,732
7227,1332
20194,347
23269,122
20428,264
10224,967
16679,248
21614,224
21413,269
20630,97
8837,1205
8840,999
8735,1194
24036,35
12444,868
8803,1068
20522,322
14342,749
20667,314
7225,1336
21179,231
22113,200
16987,31
7664,1212
19594,308
11716,946
20195,346
14167,745
6677,1249
21902,232
14124,751
22797,149
13786,706
21231,257
860,1826
21748,243
10489,964
15383,620
6904,1106
12325,902
23551,101
18093,328
17671,96
21583,162
17089,527
24086,31
17579,489
10594,702
16106,608
23162,119
19303,406
22749,102
19345,339
6772,1337
7732,1301
18015,446
22266,192
22377,182
12299,895
16039,610
1528,1600
23192,35
22678,89
20294,328
11861,923
9782,1055
6685,1387
15907,67
23210,30
15338,657
20038,346
11343,658
19645,377
23972,31
6788,1210
15847,583
21644,163
11898,540
23654,64
22328,169
7256,1285
8127,1250
22787,112
19136,390
20986,267
5319,1517
9746,993
9377,1105
22524,124
21930,117
8040,1255
16707,508
2023,642
20426,311
22588,88
10221,947
7075,1320
16322,81
19985,242
22525,118
19300,321
13258,665
7125,1353
15950,356
18086,386
12673,769
20465,277
10618,880
18414,125
10540,932
16934,536
17973,470
18023,472
14154,699
12407,96
12712,286
14565,164
16794,203
18793,410
9515,1087
14732,160
13342,763
1464,1627
22653,107
19157,391
6437,869
17711,441
10881,811
10558,895
15293,628
15321,629
12604,847
17207,496
12134,886
1531,1292
7473,895
12559,859
9031,223
20864,262
20313,301
8298,728
16853,307
19619,352
23013,113
7658,254
20076,179
12609,776
7042,1301
7710,1254
6938,1288
20566,163
20256,126
12039,886
6995,1235
1082,1886
4330,1594
20752,130
21287,222
21382,217
15101,629
20325,143
20298,292
23204,52
7553,784
9576,1038
7833,141
17465,478
20519,274
8410,400
16558,533
22457,120
11235,867
11549,243
12582,829
1779,1775
7770,1083
22233,76
21927,56
18289,401
22965,82
22837,45
162,1425
6450,1403
10475,975
23101,83
12732,155
11907,469
12087,251
15353,581
17377,475
17133,330
14005,722
23464,63
14963,281
6889,1356
14946,617
20933,68
13206,519
23047,96
19799,285
9060,908
22771,102
15388,256
6719,1381
10419,968
23193,68
21063,226
18334,394
22574,116
23116,59
22834,93
23020,69
9387,1074
21885,162
11176,931
1247,1897
7858,1222
10090,925
21765,146
6676,1186
21463,143
23413,36
18934,342
11238,734
15426,497
19370,237
19213,334
13082,759
11804,178
741,1819
12661,818
4625,1552
9392,164
19233,330
22305,135
425,1700
7882,1205
15515,590
8035,469
20327,195
20405,235
19760,315
20508,235
14228,690
16993,452
10088,985
105,1433
6609,1364
13001,513
14708,609
22044,128
9558,723
1726,1808
17289,114
21820,159
7126,1280
10675,199
18026,241
17754,435
14365,251
13059,679
13340,502
9095,1036
8797,1116
17043,429
10266,957
19390,184
22047,58
5003,918
11685,841
22573,65
7448,1241
18448,330
20563,239
21877,97
14937,379
20773,217
11671,839
6659,1353
18401,384
20425,250
7132,1280
13752,614
14656,635
18652,343
16414,441
13474,242
14615,634
13325,752
13306,664
1420,1862
16658,489
14159,625
13575,39
13840,608
19592,240
20246,243
428,1686
14680,261
17993,386
18808,133
6608,397
6689,1349
5441,1490
20364,239
18238,386
7398,1229
22141,118
11302,888
19611,175
22670,68
12363,813
6571,252
17357,320
17714,399
21469,124
16958,409
20559,228
21376,173
6316,1405
12525,675
13201,611
11662,855
21522,148
13931,657
14316,582
15307,447
15910,37
10578,484
21290,141
11670,831
22754,77
16840,210
9448,1019
16437,355
19858,281
14943,574
11820,620
19290,83
22869,41
22132,113
18747,315
13149,735
22739,71
9591,852
19158,308
11614,853
23272,31
15232,292
14257,598
17169,446
7400,1193
12133,820
11877,489
22925,61
19372,304
9730,959
16244,49
15424,563
7179,1151
9624,989
2537,1689
21775,128
10127,966
16819,450
6509,1211
17026,436
1923,1154
18009,392
10210,897
8330,1114
20384,228
12141,757
12959,305
8003,1177
10744,79
9671,539
14396,635
19797,251
6981,1252
17517,424
22835,63
18941,104
21342,74
13055,741
6645,1346
12485,778
22968,46
9581,962
12459,771
287,1581
9717,719
15943,449
22575,58
7535,1221
16574,475
11682,799
7096,653
3098,1513
10295,915
16929,446
6695,1267
12139,805
21198,60
21309,154
11526,251
12512,787
20105,225
7781,1185
17081,298
17180,329
17730,332
9659,1002
490,1779
7419,1225
17595,201
22587,49
9048,1058
7423,1212
15243,414
22025,103
6506,1132
5209,1488
14473,376
8829,1053
14421,426
8965,1064
19120,299
13194,727
2828,1575
7505,1138
12758,538
22493,52
19210,163
14165,143
18193,365
20819,157
13617,472
7462,910
19378,182
11730,672
21465,77
22562,51
14711,434
18290,348
20771,163
18654,334
19209,276
20981,58
14606,594
20376,210
21656,83
20515,175
13938,657
20517,200
16666,68
18549,198
8978,995
10780,812
19902,182
16814,428
12195,533
21713,112
15171,552
9459,583
11279,810
11447,812
12402,716
10697,900
11778,811
22911,34
10652,840
17898,91
21217,126
14307,545
13516,680
19291,187
15488,356
6886,1281
14305,616
21918,94
17553,391
18479,238
15526,510
16962,419
14779,571
6116,1301
20873,114
19542,260
16590,444
17699,138
6620,1113
21065,154
12583,751
7575,1177
17734,376
10635,883
11061,688
12275,700
12800,735
18247,336
10814,761
6836,1152
16064,396
12637,711
13895,475
15778,385
13697,532
7789,1147
21075,88
15640,467
6820,1116
11758,747
9166,1021
19921,171
16066,436
16047,480
13693,492
9366,927
220,1138
17861,210
17116,401
22487,30
16482,179
1112,1555
6623,1288
455,1748
12514,523
20581,119
19805,209
22315,34
12632,733
17877,340
14957,193
8890,913
18261,211
7604,839
19199,272
8005,1137
9521,982
20481,172
21996,71
17917,350
20839,34
4395,1527
22143,57
13510,651
141,1701
15041,65
14249,493
22375,44
6055,1337
22314,48
10488,886
10369,827
19845,148
14374,286
20743,152
20530,171
14844,525
11610,776
18598,163
20429,178
18838,281
18613,302
15763,204
18732,295
15315,514
6717,1283
16522,239
15359,370
9945,375
780,188
22216,43
7002,416
14339,299
19267,179
13318,674
20336,177
15429,348
14548,530
681,1608
12912,482
20816,145
10008,769
995,1748
17934,254
12378,523
18589,304
12952,357
14535,527
21642,85
22135,45
6899,1108
22030,30
12362,665
13768,553
4340,1464
8491,1052
12612,708
18593,63
16800,401
16051,448
11933,245
8931,1016
17952,314
21304,103
18117,298
19861,180
14981,472
21074,103
17476,72
7450,1130
10241,893
21803,63
14840,529
19963,159
12184,63
19573,225
11356,700
8970,1009
10425,57
6554,1274
17436,174
6696,489
21356,85
17862,336
12581,138
9126,985
8514,992
17321,42
1865,1358
17455,102
14372,522
8533,980
7020,1174
10485,860
13362,626
6460,1303
18068,317
16917,386
21381,65
12043,75
17731,109
22061,31
13900,558
15755,223
7935,1084
9453,850
19912,50
11011,819
16392,133
21168,76
15427,381
1207,1419
21423,53
15339,175
13968,488
19765,204
19500,222
19476,223
6587,732
21876,45
14439,118
20037,167
14168,508
17717,181
14726,528
16495,265
15851,129
21739,50
8091,1087
20003,177
15029,507
18032,311
13537,422
15192,471
10474,806
18802,42
21006,40
752,1349
11017,523
16252,322
7021,838
15085,126
20276,84
15361,337
5600,1376
20836,43
14924,488
13655,493
15248,487
177,1749
13203,599
8443,943
15922,433
9364,278
7461,987
11698,128
8279,895
21808,38
9927,688
12963,676
13447,511
18834,61
11751,701
21033,73
13454,582
9705,923
16774,380
16318,382
19472,161
6923,1097
6698,1114
13463,621
12817,675
21810,35
14668,300
14762,215
20960,96
16652,354
13997,478
19288,169
14028,469
6786,1231
20188,79
20158,69
532,852
17555,133
14838,497
7471,1086
11676,512
8959,682
10136,844
20107,153
6032,1223
20449,75
20271,54
17536,228
6662,1194
15130,439
12069,323
9983,874
11434,678
13524,551
9648,910
8601,1013
15095,483
20316,88
1613,1058
16983,271
9000,918
9626,853
12692,123
18324,81
16793,164
10725,790
14379,326
17139,311
19561,127
10584,567
17718,107
17419,310
11650,720
13274,552
3068,1380
14926,349
20772,49
10987,762
17147,312
11757,692
18061,280
17438,133
12516,587
6967,1140
17858,224
19720,137
9439,842
9975,695
11774,694
9577,673
9970,609
4190,1383
20526,64
19920,99
19071,128
8399,776
7984,337
18485,243
17179,177
7494,1111
18683,228
11094,678
18438,161
10156,95
8083,1041
6632,551
8954,774
19132,177
12443,662
13595,558
15358,422
18386,211
2652,293
8392,948
11797,326
14060,544
18389,205
15854,356
7812,470
2835,1498
9981,845
20645,45
18643,228
16493,349
20472,55
4240,1221
10674,504
21228,36
15637,387
19950,125
9337,646
7128,917
14823,470
1773,1629
8300,994
13505,475
20196,95
15742,331
13084,529
12053,305
17523,110
2468,1362
6072,1263
9301,120
9248,793
20671,57
2265,1121
14691,474
7534,1076
7761,1051
19450,67
11424,705
11486,631
18416,64
10046,728
7135,1120
15028,447
11255,114
20791,57
9285,267
15944,60
11546,635
14887,453
17953,160
15452,90
18913,98
12624,53
17832,197
14556,379
19282,89
20320,77
1941,1429
11360,176
6043,1194
20661,57
10665,769
17958,82
6783,1169
18769,167
5511,1319
16683,314
19348,116
11637,608
15225,374
19076,150
7049,498
8000,950
19056,138
10327,608
4715,1378
19954,89
10753,266
13354,67
11029,737
107,1587
8106,950
12417,411
16234,244
20718,42
9770,805
20181,77
15454,385
8859,877
15341,400
8090,1002
11433,481
9977,784
13169,392
9647,796
19051,137
18723,117
11427,648
16272,267
12850,581
10477,630
17123,249
4159,1323
14318,416
17489,253
19692,77
11114,654
16687,295
19739,80
20137,37
19560,118
15825,280
11832,628
16769,257
15934,350
19346,95
9526,139
7514,173
20453,30
8912,790
17527,137
15274,213
2967,1354
18137,188
13289,337
8787,910
12232,626
17005,191
13948,490
17700,50
10517,757
18639,36
17277,68
18336,109
10928,63
10016,634
406,873
2035,1553
12999,212
15226,381
9091,877
11364,48
11922,590
17405,216
13933,125
17254,203
3094,253
11794,114
19214,112
19548,98
16226,306
5957,1240
17211,219
13781,251
19840,83
9551,511
2467,148
6162,1222
20518,30
11689,655
19951,75
5217,1146
2861,1300
12140,541
16292,216
15470,359
16701,277
18658,108
15799,197
15660,335
11587,353
15862,329
17333,229
10515,742
13979,407
15902,316
1009,1444
6694,1072
13152,552
8702,208
2860,1330
8328,791
17181,196
11956,608
6835,1122
18170,181
11903,623
10440,365
136,805
13103,533
11215,405
9911,759
14884,275
15259,184
12321,594
10827,135
8576,913
7653,911
8804,419
19133,96
16426,82
10896,351
18729,48
12442,564
2481,1328
17705,195
11208,659
18399,139
7874,633
16991,84
14923,391
10917,669
9740,496
11482,78
8001,961
10281,737
9066,542
19419,43
14689,295
14103,136
12403,492
20187,37
11373,69
19361,44
6917,1052
14445,377
16049,308
8907,870
395,1227
19414,63
11387,588
10271,616
15106,375
8627,906
18258,126
10442,651
7203,1010
15342,182
15644,336
12400,521
1970,1281
15881,315
8935,862
19333,33
10345,217
6877,1076
8968,823
18364,42
14355,427
3108,1384
14543,397
18668,47
14078,382
16170,250
7052,974
17588,184
12028,596
16490,263
17281,213
7133,997
9662,568
20004,36
11784,552
6223,1146
15675,302
13013,536
19196,89
14457,195
739,1445
14363,359
10263,614
7221,485
10507,145
13107,525
2284,1484
14274,397
17360,190
9093,629
12561,521
14000,246
14927,366
7244,1030
14176,376
5174,1261
14891,369
18895,42
15311,199
16553,228
13908,155
5484,1113
14966,350
6631,849
1269,1514
16714,235
9253,755
14810,365
161,1281
13560,430
2404,1397
18811,58
16910,137
13086,401
10669,157
16356,255
10786,536
16788,212
5538,1171
17293,161
14824,255
11752,399
15739,233
12208,366
7409,994
7479,902
16183,125
8016,936
9327,72
8143,235
12920,194
12214,323
19050,64
11428,593
97,1541
15867,251
10796,648
13720,449
9068,775
14976,68
9032,53
17200,184
2448,1448
5055,1116
11941,580
3114,1361
17456,178
17013,196
10140,337
16646,210
14030,269
14010,135
10984,601
11622,587
12351,484
11098,630
7433,803
19226,49
13771,419
16964,60
19383,49
16132,243
17457,153
17317,67
7600,963
14358,370
18087,132
16100,52
7387,967
15125,92
15932,201
19460,41
11110,625
17753,132
18788,78
17063,182
15346,294
10513,672
15280,140
8202,202
17521,151
14955,321
13790,376
17425,132
4992,1187
10731,43
15904,253
11189,365
18520,82
1795,1461
17332,141
1925,1134
216,1061
7262,879
17976,55
11577,439
8247,633
8112,741
12974,179
19085,30
15832,30
11997,440
4894,604
215,751
9546,721
19195,30
8542,814
8464,70
6160,1114
14536,260
13546,417
17104,150
1976,504
1387,1383
18108,99
14594,304
15882,70
9498,689
8302,835
14578,323
16631,184
1706,1512
10424,646
13278,356
6807,1032
8305,831
17950,46
7485,644
13587,200
16246,38
6542,392
12953,186
7774,892
6434,186
13785,375
1882,1215
8645,629
9315,744
13801,375
13777,370
16982,148
14649,299
13805,357
13297,70
17399,90
17995,56
7860,346
12114,504
3189,1027
9189,747
10574,521
13869,190
13845,176
9878,143
14908,79
13291,422
11768,118
13664,333
14700,187
1991,1357
9601,505
12749,454
16828,146
15642,124
16754,67
17327,120
7155,778
15701,133
18465,31
17156,108
7431,919
16901,102
5293,1086
13660,114
7806,794
18001,43
8690,117
9854,82
13176,195
7427,917
18096,67
13420,229
10370,489
10795,485
12994,371
12182,486
14428,296
8515,491
842,396
13833,105
9623,562
17667,81
17322,94
9750,591
14575,286
12866,430
16433,147
17098,87
17866,36
7591,886
17248,36
9410,698
18220,42
17002,105
17108,54
14036,333
12875,431
8824,644
18050,52
18105,48
217,907
12200,465
17778,69
14413,57
13662,346
12606,425
16994,96
8092,811
8074,303
16781,112
12814,426
17990,52
5390,1056
17276,84
31,397
16550,69
13530,118
12100,468
16973,88
13609,356
11884,63
5387,1130
11759,460
11084,34
1849,1433
12693,414
16173,65
10348,572
10676,557
17988,39
8748,745
14888,220
14059,73
17789,48
17987,33
6714,617
14345,279
15903,126
7703,841
11714,223
11701,466
5828,1039
11825,421
6802,837
14202,222
17897,32
11500,264
10383,405
17659,43
13923,80
16054,142
14829,223
13104,141
17787,32
10380,572
16939,32
9212,671
16172,69
16053,35
7148,718
12223,317
8617,528
6124,1008
2515,1290
15299,103
12721,371
13461,335
8940,558
16415,82
17101,60
10300,560
17319,38
13089,282
14753,199
15760,103
17041,43
13623,63
17004,44
13868,283
11059,413
16121,122
17203,34
7491,834
7187,691
7515,301
8544,689
9548,580
12545,53
13445,324
13355,315
10511,126
9188,34
10760,140
8103,743
8098,298
7987,757
9596,550
15149,179
9335,542
2101,1318
9100,630
8889,543
10375,522
13925,276
10388,427
15497,98
16116,108
8188,714
16801,48
13227,268
10797,385
9380,427
6550,898
12621,215
12454,248
16561,60
14265,236
13665,283
9480,348
16249,76
1812,1354
9096,647
1687,1107
10428,535
11798,282
9946,523
10579,154
9142,646
6466,164
12711,196
6601,657
11674,60
15823,125
12929,334
12355,385
1192,1289
14551,203
14211,162
7788,483
9492,417
15501,47
15005,137
10662,235
12215,368
14862,54
12149,356
16115,90
14237,232
6785,713
12930,253
9297,300
16268,58
6890,776
14496,143
1375,957
8411,690
10677,222
16165,46
10486,215
9940,533
53,1240
10014,523
11881,343
13744,48
6670,910
16557,48
5313,874
124,1300
16428,43
5149,910
10105,531
13525,155
14375,203
10732,139
13663,241
9383,492
11555,39
2036,1192
13161,294
10657,386
8434,638
16208,57
11042,140
13409,262
9420,516
10870,349
6983,769
11079,374
8582,527
14802,82
6498,844
11312,192
11970,365
8857,255
6494,821
9204,465
10359,125
8574,610
7976,656
9488,565
15653,59
14720,88
9186,556
11661,385
13909,209
11673,328
8710,646
14920,51
12548,318
9349,565
15697,63
321,1337
7181,608
10765,448
7677,747
13795,139
15550,84
12160,341
11328,34
7827,469
12315,131
1107,1345
10071,495
14269,98
7661,741
16024,42
1057,925
15068,92
9051,589
15914,48
11753,209
7193,708
15514,33
8172,285
11895,146
14965,99
9454,534
9174,391
9924,346
15804,51
11193,397
9041,565
10020,420
14991,95
11530,320
8984,553
8507,630
14248,42
1689,1190
8094,658
14702,78
5892,325
12412,203
11602,344
10818,340
12064,62
14795,97
14648,100
10851,146
12936,254
10856,299
7878,680
8053,563
12022,297
15113,66
12058,174
904,1241
9978,429
13644,76
15173,62
14777,81
8412,496
6687,783
14474,105
14917,66
11647,244
10555,168
1678,1010
2556,1154
7134,328
10070,34
14272,124
14786,75
11361,272
13873,159
4703,1005
14900,32
114,907
14138,116
12103,287
12524,77
8997,546
12256,183
11739,134
9432,427
15304,31
9180,519
2230,1195
9067,458
2667,760
9550,463
14132,113
9101,457
7202,57
7930,545
5189,885
8949,492
11711,287
12108,250
12699,198
11355,273
11599,279
5292,941
12255,101
12196,177
8512,350
9778,114
14071,118
3208,878
6672,474
14475,78
13924,92
11813,223
14015,118
11133,47
6549,812
11783,274
8004,583
7257,701
13819,116
8876,528
6230,561
1935,1143
475,1315
11024,298
10483,382
11822,48
14195,61
9077,323
7183,693
13273,168
13411,83
4573,959
11006,336
10559,363
10335,93
14252,54
26,846
5215,910
11902,214
11057,135
14692,45
13634,69
6838,622
9293,374
9352,470
12669,146
8577,485
12951,192
7962,405
12954,82
8296,567
11224,272
10971,308
2807,617
12211,234
14589,34
14522,44
8792,322
4220,252
6139,822
1872,797
1816,1207
12847,185
13470,139
1803,763
12030,62
9040,341
9121,480
12861,103
7008,696
11864,240
8584,349
12487,190
7687,408
8996,489
1870,817
6094,764
9634,238
100,1280
6896,713
6463,790
1839,790
12784,183
13762,101
12869,128
9856,222
7555,630
14024,48
10165,350
8646,355
6781,552
1298,1083
10750,271
10373,300
12849,157
8587,389
8888,342
13817,91
6969,681
13518,110
8415,518
144,1137
12293,133
10395,348
9684,403
6153,705
6769,726
10290,349
8153,310
2067,1036
7366,519
11349,206
13484,103
14266,35
14021,63
9605,412
2031,908
9461,185
688,1239
8155,418
14118,53
8130,528
5127,887
11045,209
6648,730
12588,68
7590,62
11153,270
866,1205
12119,143
1633,1180
8441,328
2208,841
13215,53
8414,421
2760,301
67,1239
10791,274
13527,41
1501,891
1037,1024
581,30
1994,1099
11892,129
13140,89
12626,141
10126,279
5619,592
12084,146
8537,459
11096,240
13384,37
7746,491
1253,252
13367,38
9853,117
12177,157
7823,526
8922,224
1005,1004
7579,521
12716,47
694,1034
11603,193
7848,340
12631,129
6268,740
7536,430
7472,568
13606,44
7796,536
8759,430
7585,541
12036,103
10683,257
6703,669
12410,119
5347,802
7680,539
12605,87
10161,34
6529,597
2340,1016
7136,392
1605,245
11737,122
11638,164
11324,141
8430,434
10829,232
12271,119
12970,34
8505,410
2064,661
7139,496
7170,578
9556,273
11207,89
8517,389
12566,61
9043,80
8214,419
8435,215
9493,218
8651,406
2763,429
2531,801
1030,1118
4468,687
10536,197
12473,56
8895,303
11203,169
7336,531
6427,582
10667,49
11473,111
11194,171
12124,100
10816,196
10139,216
12415,69
159,860
8685,256
7593,475
4463,840
9533,274
12737,50
8052,411
9552,203
9683,263
9219,192
8874,326
12231,70
7260,226
11425,115
6728,587
10812,129
11624,102
5477,547
994,366
12190,43
10777,183
7439,364
8334,401
10279,215
8642,372
8027,398
7589,379
12129,42
11163,91
10634,75
9749,169
8369,365
10352,188
2649,853
7248,501
8831,255
11174,129
10310,104
6918,153
6767,562
9062,292
9537,212
1525,735
7498,224
4912,671
5557,57
6507,562
6526,508
9658,250
10393,117
6661,575
8910,300
7763,433
9932,54
4418,732
356,892
9847,125
7641,397
11702,67
4954,363
6536,390
9516,252
1007,738
693,924
11923,52
6530,443
10007,177
7405,429
11197,36
11521,72
10247,141
616,1014
9895,160
6447,572
9499,166
2455,908
7237,391
11606,47
11626,43
9450,238
2258,687
7420,161
7073,478
7466,441
9722,172
9190,155
9089,170
8794,284
8085,358
9223,223
9680,73
11196,86
2976,521
9113,174
10304,149
5956,214
1216,1034
9409,212
9536,105
4325,677
5489,542
6706,524
9094,196
9331,225
7309,438
9645,173
7934,339
2559,518
8282,261
8844,258
9129,218
10110,150
9407,165
7317,306
9294,226
7116,378
8967,188
10018,152
1981,925
10880,49
10956,82
7145,446
10626,95
1228,1039
2846,475
9449,189
6993,49
8861,162
9355,145
9755,42
7701,377
8255,144
8429,196
10966,62
10973,62
6198,564
7639,47
9214,190
9275,196
8784,95
8622,203
8887,31
10200,107
8350,96
7916,314
4458,664
11253,32
10663,48
6944,321
8930,230
2170,852
9987,107
5639,56
7752,318
9958,91
9429,133
7689,297
7537,367
8107,195
10277,76
7355,117
9046,179
917,810
951,635
2560,799
5300,518
6699,465
7850,325
9122,150
7817,317
7364,79
10163,49
9225,151
7236,234
7602,152
7996,289
6156,472
10378,69
9412,146
7915,306
191,937
10301,68
7389,356
438,279
8839,179
10351,56
3,859
7975,287
7629,348
8408,239
10000,72
9415,133
8660,210
8596,213
4375,650
447,897
9933,80
7750,206
7808,291
8497,198
7349,337
10421,38
1603,910
7532,316
494,910
5652,543
8378,53
7909,269
971,430
9485,69
7802,287
9431,67
6800,285
9718,82
1333,53
7150,203
8047,247
4601,610
10283,35
7642,277
9014,138
8432,195
7282,236
9347,33
8163,228
9313,109
10203,36
7395,308
7411,306
10145,33
6743,257
8229,224
8439,182
6799,391
8278,192
5410,551
9483,54
2109,488
9894,31
6624,396
4120,670
8254,213
1441,903
9520,84
9560,56
6859,370
7220,279
6603,382
8180,32
5,933
7040,302
7948,173
1119,572
9073,46
5259,424
5586,499
9173,67
7737,234
9069,73
7627,148
9272,91
8311,102
8944,109
6902,265
9719,44
8545,126
8486,120
2934,676
7051,150
7289,58
8641,131
8625,146
7482,258
7393,271
4726,546
8309,161
5678,472
6582,373
8293,76
143,879
7884,124
8607,105
7714,181
8823,99
7625,218
8067,176
6823,206
7039,233
7895,146
8228,157
2401,608
7676,196
6971,219
8262,147
1049,78
8865,83
8718,81
2453,455
8057,165
8689,101
6722,233
8315,132
4200,574
8304,128
112,746
2096,395
8286,54
706,811
8401,117
6857,200
7500,204
8826,65
7794,171
5162,309
6265,366
8808,59
7838,154
8732,43
2674,104
5222,189
6578,151
6950,241
6739,38
6657,65
7842,128
8510,40
6461,256
6943,237
7992,74
7504,81
6758,98
6604,256
8426,55
7322,65
6473,266
6880,44
6684,154
7753,86
7937,99
8380,35
8437,46
7399,145
4277,422
8217,62
7531,111
1782,401
595,429
8321,40
236,712
7708,95
6493,260
1475,658
6845,36
7138,97
7029,53
6948,91
519,572
927,660
6850,33
1267,666
2069,259
1132,744
736,367
8133,34
7727,72
838,558
7447,94
7731,40
6939,154
7201,44
6540,205
4234,244
7162,49
7231,55
7302,71
4919,334
7780,50
7890,36
5971,251
7837,40
7060,72
6414,226
4108,267
6992,131
7094,54
6798,158
1952,198
2634,482
7028,72
5499,226
2140,554
6828,130
794,625
6847,33
4693,134
1636,348
6539,143
4598,317
4419,168
6073,122
4303,316
1828,55
6912,72
6724,99
6369,153
6760,102
4284,291
1160,171
1711,553
6495,52
6761,88
209,623
2697,355
2439,429
2949,48
6949,40
6686,86
1627,559
1395,533
2332,40
1822,48
6,551
2654,397
1794,470
931,401
221,497
4184,94
864,468
2226,444
6237,112
6588,40
385,559
2238,387
1075,512
6455,67
2804,43
1586,126
4634,68
642,485
1699,259
6443,37
306,82
1175,230
2264,259
2681,266
543,411
4405,188
2754,279
4987,131
1998,366
5520,58
1177,56
1257,259
335,428
2185,87
5727,39
5704,42
4411,34
436,260
2322,77
4214,165
5408,39
2535,249
5574,30
1136,330
452,154
1904,116
1322,395
1468,170
1176,96
1071,106
4567,62
1205,301
1742,61
4302,92
4950,30
2459,190
4148,97
4126,40
941,294
4381,33
2458,121
1155,289
1188,62
357,116
2174,189
1801,197
154,212
2883,37
2383,105
2135,83
2214,107
2510,60
1184,48
1814,72
1456,186
512,171
233,177
271,192
998,167
1783,59
1419,34
551,148
845,32
1836,41
34,33
1806,31
8,148
1549,43
1958,34
