intersect_rev,developer
2.6260504201680672,Core
3.711484593837535,Non core
6.96875,Core
16.40625,Non core
2.163887903511884,Core
2.5895707697765165,Non core
4.426229508196721,Core
10.0327868852459,Non core
7.565144298122724,Core
28.803586438778368,Non core
3.721841332027424,Core
10.414626183480248,Non core
7.984790874524715,Core
26.058301647655256,Non core
4.065311562812396,Core
7.030989670109963,Non core
3.847475094469255,Core
7.969769838543455,Non core
7.933521480087801,Core
20.947005330824712,Non core
1.825340014316392,Core
2.290622763063708,Non core
7.816091954022989,Core
23.218390804597703,Non core
4.5906132237067485,Core
7.571085988352174,Non core
7.090012330456228,Core
16.892725030826142,Non core
2.307692307692308,Core
4.72027972027972,Non core
3.505786249149081,Core
5.582028590878148,Non core
3.510601320820298,Core
5.839416058394161,Non core
1.765536723163842,Core
3.1073446327683616,Non core
2.365819209039548,Core
3.637005649717514,Non core
4.749073762209498,Core
9.195015156618387,Non core
3.7606837606837606,Core
7.726495726495726,Non core
4.037370704037371,Core
8.775442108775442,Non core
1.5536723163841808,Core
2.9661016949152543,Non core
2.986577181208054,Core
6.644295302013423,Non core
1.76678445229682,Core
2.897526501766784,Non core
1.56794425087108,Core
4.320557491289199,Non core
1.0364546104360255,Core
1.3581129378127232,Non core
6.763571640462771,Core
18.837140314446756,Non core
0.0,Core
0.5698005698005698,Non core
5.44127405441274,Core
13.437292634372929,Non core
2.3255813953488373,Core
5.548172757475083,Non core
2.1708683473389354,Core
5.847338935574229,Non core
1.5663069961712497,Core
3.09780717020536,Non core
0.644237652111668,Core
0.5010737294201861,Non core
1.4742014742014742,Core
3.790803790803791,Non core
3.250414593698176,Core
7.396351575456054,Non core
7.98537031392868,Core
20.603474550441938,Non core
0.6426276329882185,Core
1.178150660478401,Non core
2.834699453551913,Core
4.883879781420765,Non core
2.3011844331641287,Core
5.380710659898477,Non core
0.6426276329882185,Core
1.035344519814352,Non core
8.421052631578947,Core
13.652312599681022,Non core
6.885245901639345,Core
13.979135618479882,Non core
2.1076523994811933,Core
3.793774319066148,Non core
1.8014835747085836,Core
0.7771105616389968,Non core
4.672290720311486,Core
9.441920830629462,Non core
0.5294740557712672,Core
3.423932227320861,Non core
1.2596221133659902,Core
3.8138558432470258,Non core
0.8501594048884166,Core
0.8855827134254338,Non core
6.199628022318661,Core
12.30626162430254,Non core
0.4664513814137064,Core
0.3229278794402583,Non core
5.8986175115207375,Core
11.274961597542244,Non core
9.299403078856423,Core
19.384228715048696,Non core
9.568367038937518,Core
22.698460609719287,Non core
10.016155088852988,Core
8.75605815831987,Non core
10.00313577924114,Core
15.99247412982126,Non core
10.25802391441158,Core
10.289490245437385,Non core
4.166666666666666,Core
7.988980716253444,Non core
0.322234156820623,Core
0.2864303616183316,Non core
0.8559201141226819,Core
1.961483594864479,Non core
5.130228887134964,Core
6.393054459352802,Non core
7.84313725490196,Core
9.243697478991598,Non core
5.164319248826291,Core
7.042253521126761,Non core
3.0932594644506,Core
4.570637119113574,Non core
4.941176470588235,Core
8.117647058823529,Non core
2.6806526806526807,Core
4.273504273504273,Non core
5.485232067510549,Core
6.891701828410689,Non core
5.88235294117647,Core
8.585055643879173,Non core
4.326587578506629,Core
5.582693649685973,Non core
5.325443786982249,Core
5.325443786982249,Non core
3.5179640718562872,Core
5.389221556886228,Non core
5.891472868217054,Core
8.682170542635658,Non core
5.227781926811053,Core
5.825242718446602,Non core
9.97624703087886,Core
14.964370546318287,Non core
6.293706293706294,Core
10.839160839160838,Non core
7.7369439071566735,Core
10.444874274661508,Non core
7.103825136612022,Core
11.74863387978142,Non core
5.825242718446602,Core
7.524271844660194,Non core
7.520891364902507,Core
10.584958217270197,Non core
5.4095826893353935,Core
6.800618238021638,Non core
5.771812080536913,Core
7.785234899328859,Non core
6.868131868131869,Core
9.89010989010989,Non core
4.754601226993866,Core
7.515337423312883,Non core
5.0,Core
7.368421052631578,Non core
6.161137440758294,Core
13.270142180094789,Non core
3.654485049833888,Core
5.980066445182724,Non core
3.1645569620253164,Core
4.367088607594936,Non core
0.0,Core
1.4035087719298245,Non core
4.516806722689076,Core
5.567226890756303,Non core
5.414012738853503,Core
7.961783439490445,Non core
7.641921397379912,Core
12.445414847161572,Non core
6.483790523690773,Core
11.221945137157109,Non core
4.850746268656716,Core
3.731343283582089,Non core
7.397959183673469,Core
10.96938775510204,Non core
3.8147138964577656,Core
5.313351498637602,Non core
4.209844559585492,Core
4.857512953367875,Non core
4.181184668989547,Core
6.2717770034843205,Non core
6.779661016949152,Core
9.792843691148777,Non core
5.776173285198556,Core
11.010830324909747,Non core
2.7586206896551726,Core
5.172413793103448,Non core
5.622837370242214,Core
6.141868512110726,Non core
3.918722786647314,Core
6.386066763425253,Non core
2.967359050445104,Core
5.489614243323442,Non core
4.046242774566474,Core
2.601156069364162,Non core
4.81651376146789,Core
7.79816513761468,Non core
2.4,Core
6.933333333333333,Non core
3.935185185185185,Core
4.398148148148148,Non core
0.6134969325153374,Core
2.7607361963190185,Non core
3.8917089678511,Core
5.076142131979696,Non core
2.681992337164751,Core
2.2988505747126435,Non core
4.405286343612335,Core
8.28193832599119,Non core
4.519774011299435,Core
5.720338983050848,Non core
4.0469208211143695,Core
4.281524926686217,Non core
6.82261208576998,Core
4.385964912280701,Non core
5.022156573116692,Core
4.5051698670605616,Non core
6.244653550042772,Core
4.619332763045338,Non core
5.092592592592593,Core
6.327160493827161,Non core
1.872659176029963,Core
1.1235955056179776,Non core
3.870967741935484,Core
8.38709677419355,Non core
3.758169934640523,Core
4.820261437908497,Non core
6.427221172022684,Core
11.216131064902331,Non core
6.426155580608793,Core
15.44532130777903,Non core
6.005056890012642,Core
12.326169405815424,Non core
6.95970695970696,Core
15.051615051615052,Non core
6.616643929058663,Core
10.027285129604364,Non core
6.821480406386067,Core
11.538461538461538,Non core
8.35405271009448,Core
15.266036797613127,Non core
3.4252297410192147,Core
3.9264828738512954,Non core
8.100999473961073,Core
16.359810625986324,Non core
7.199424046076314,Core
11.591072714182864,Non core
8.609958506224066,Core
15.767634854771783,Non core
4.728132387706856,Core
8.51063829787234,Non core
5.92538405267008,Core
9.729334308705194,Non core
6.539923954372624,Core
9.201520912547528,Non core
3.739837398373984,Core
5.691056910569105,Non core
4.143426294820717,Core
5.657370517928287,Non core
7.655172413793103,Core
13.655172413793103,Non core
6.433166547533952,Core
10.578984989278055,Non core
6.756756756756757,Core
11.95945945945946,Non core
3.414634146341464,Core
5.203252032520325,Non core
5.29287226534933,Core
10.656316160903318,Non core
3.322528363047002,Core
5.105348460291735,Non core
3.4755134281200637,Core
8.293838862559241,Non core
2.1061499578770007,Core
2.443133951137321,Non core
7.369402985074627,Core
14.365671641791044,Non core
0.0,Core
1.1804384485666104,Non core
7.186732186732186,Core
13.144963144963146,Non core
4.40251572327044,Core
9.0146750524109,Non core
4.0310077519379846,Core
9.224806201550388,Non core
2.9225908372827805,Core
6.31911532385466,Non core
1.18946474086661,Core
0.9345794392523364,Non core
3.2747603833865817,Core
6.549520766773163,Non core
4.828042328042328,Core
8.3994708994709,Non core
8.3531086853346,Core
14.807783578547696,Non core
1.2647554806070826,Core
2.2765598650927488,Non core
5.135730007336757,Core
7.1166544387380775,Non core
3.7302725968436152,Core
8.034433285509325,Non core
1.6033755274261603,Core
1.6877637130801686,Non core
10.338983050847457,Core
14.124293785310735,Non core
9.31321540062435,Core
17.16961498439126,Non core
3.373015873015873,Core
5.224867724867725,Non core
3.7922506183017313,Core
1.7312448474855728,Non core
6.491885143570538,Core
11.6729088639201,Non core
0.9584664536741214,Core
4.552715654952077,Non core
2.065799540933435,Core
3.442999234889059,Non core
1.3190436933223413,Core
1.5663643858202805,Non core
7.734503565551289,Core
12.890839275918816,Non core
1.0291595197255576,Core
0.6003430531732418,Non core
8.157602663706992,Core
13.374028856825747,Non core
9.842719431760528,Core
15.575849822425164,Non core
9.404815992730576,Core
15.901862789641072,Non core
12.11031175059952,Core
10.911270983213427,Non core
11.526315789473683,Core
14.473684210526317,Non core
11.751662971175168,Core
10.58758314855876,Non core
6.31653655074521,Core
9.581263307310149,Non core
0.6825938566552902,Core
0.5119453924914675,Non core
1.670843776106934,Core
3.508771929824561,Non core
3.850931677018633,Core
4.472049689440994,Non core
2.339728591483388,Core
2.854468881609733,Non core
3.995006242197253,Core
5.493133583021224,Non core
2.038416307330458,Core
2.587220697765582,Non core
4.447852760736196,Core
5.214723926380368,Non core
4.92091388400703,Core
6.854130052724078,Non core
3.443328550932568,Core
3.5150645624103296,Non core
13.333333333333334,Core
7.5,Non core
3.359375,Core
3.75,Non core
5.670103092783505,Core
6.872852233676976,Non core
2.959028831562974,Core
3.490136570561457,Non core
6.510416666666667,Core
8.59375,Non core
6.007751937984496,Core
7.55813953488372,Non core
5.508474576271186,Core
6.1440677966101696,Non core
8.445945945945946,Core
10.135135135135137,Non core
5.263157894736842,Core
6.725146198830409,Non core
4.584527220630372,Core
4.871060171919771,Non core
5.145797598627787,Core
4.974271012006861,Non core
4.9275362318840585,Core
5.507246376811594,Non core
9.507042253521126,Core
10.56338028169014,Non core
4.208754208754209,Core
4.882154882154882,Non core
5.980066445182724,Core
7.973421926910299,Non core
5.691056910569105,Core
8.130081300813007,Non core
5.990783410138248,Core
7.373271889400922,Non core
2.407286922576448,Core
2.667534157449577,Non core
0.0,Core
3.535353535353535,Non core
3.2044198895027622,Core
3.314917127071823,Non core
3.658536585365853,Core
5.749128919860628,Non core
8.951406649616368,Core
10.230179028132993,Non core
5.3097345132743365,Core
9.144542772861357,Non core
5.376344086021505,Core
5.913978494623656,Non core
6.042296072507553,Core
8.761329305135952,Non core
1.9005847953216373,Core
2.923976608187134,Non core
3.388704318936877,Core
2.9235880398671097,Non core
5.188679245283019,Core
4.716981132075472,Non core
3.941908713692946,Core
7.053941908713693,Non core
3.762376237623762,Core
7.722772277227722,Non core
4.830917874396135,Core
5.797101449275362,Non core
4.701627486437613,Core
4.520795660036167,Non core
2.8358208955223883,Core
4.328358208955224,Non core
3.177257525083612,Core
5.016722408026756,Non core
2.621722846441948,Core
4.119850187265917,Non core
3.2806804374240586,Core
5.83232077764277,Non core
2.6936026936026933,Core
7.07070707070707,Non core
2.5,Core
4.166666666666666,Non core
1.6528925619834711,Core
2.8925619834710745,Non core
3.280141843971631,Core
3.4574468085106385,Non core
4.519774011299435,Core
2.824858757062147,Non core
2.685765443151298,Core
4.297224709042077,Non core
3.6390101892285296,Core
3.8573508005822417,Non core
2.7528426092160383,Core
2.7528426092160383,Non core
5.9128630705394185,Core
3.734439834024896,Non core
3.7347560975609753,Core
2.8963414634146343,Non core
4.804270462633451,Core
3.0249110320284696,Non core
4.317789291882556,Core
5.872193436960276,Non core
3.333333333333333,Core
2.7777777777777777,Non core
5.603448275862069,Core
8.189655172413794,Non core
5.194805194805195,Core
11.52073732718894,Non core
5.683690280065898,Core
10.873146622734762,Non core
4.272598870056497,Core
8.968926553672317,Non core
5.88768115942029,Core
7.608695652173914,Non core
7.452165156092648,Core
10.775427995971802,Non core
7.503001200480192,Core
14.285714285714285,Non core
3.737113402061856,Core
2.963917525773196,Non core
7.652733118971061,Core
15.112540192926044,Non core
8.341810783316378,Core
13.021363173957273,Non core
6.622516556291391,Core
10.234798314268511,Non core
5.14018691588785,Core
9.345794392523365,Non core
6.185567010309279,Core
9.690721649484535,Non core
7.378854625550661,Core
9.911894273127754,Non core
4.5,Core
6.625,Non core
4.600484261501211,Core
6.900726392251816,Non core
6.936936936936937,Core
10.36036036036036,Non core
7.492507492507492,Core
10.38961038961039,Non core
7.142857142857142,Core
11.904761904761903,Non core
3.45679012345679,Core
5.061728395061729,Non core
4.318618042226487,Core
9.500959692898272,Non core
4.010025062656641,Core
6.390977443609022,Non core
3.37995337995338,Core
8.275058275058274,Non core
2.71370420624152,Core
3.6635006784260513,Non core
5.380434782608696,Core
11.630434782608695,Non core
0.0,Core
1.226158038147139,Non core
7.44595676541233,Core
12.810248198558844,Non core
4.3774319066147855,Core
9.04669260700389,Non core
4.499437570303712,Core
8.43644544431946,Non core
3.180212014134275,Core
5.889281507656066,Non core
2.0891364902506964,Core
1.6713091922005572,Non core
3.272727272727273,Core
8.0,Non core
3.421052631578948,Core
6.666666666666667,Non core
6.453392167677882,Core
11.4726971869829,Non core
2.751031636863824,Core
3.3012379642365883,Non core
4.583333333333333,Core
7.187499999999999,Non core
3.741152679474216,Core
7.583417593528817,Non core
2.046384720327422,Core
2.592087312414734,Non core
7.13809206137425,Core
9.33955970647098,Non core
5.737704918032787,Core
9.836065573770492,Non core
2.338129496402878,Core
4.226618705035971,Non core
3.316326530612245,Core
1.6581632653061225,Non core
5.471847739888977,Core
8.406026962727994,Non core
1.3431013431013432,Core
4.151404151404151,Non core
2.5522041763341066,Core
4.408352668213457,Non core
1.1734028683181226,Core
1.955671447196871,Non core
5.5847568988173455,Core
8.869908015768726,Non core
1.4084507042253522,Core
1.1267605633802815,Non core
5.1735428945645054,Core
8.316961362148003,Non core
7.396449704142012,Core
11.83431952662722,Non core
6.59846547314578,Core
11.099744245524295,Non core
8.037653874004343,Core
7.4583635047067345,Non core
7.897934386391252,Core
9.781287970838395,Non core
8.678237650200266,Core
8.144192256341789,Non core
6.813627254509018,Core
11.022044088176353,Non core
0.697350069735007,Core
0.9762900976290098,Non core
2.53671562082777,Core
4.539385847797063,Non core
4.879120879120879,Core
17.802197802197803,Non core
6.47010647010647,Core
18.64591864591865,Non core
4.38671209540034,Core
7.5809199318569,Non core
4.23467137185708,Core
8.248786943096603,Non core
7.82608695652174,Core
20.907372400756145,Non core
2.091254752851711,Core
2.6615969581749046,Non core
8.186195826645266,Core
23.63563402889245,Non core
5.111111111111112,Core
9.066666666666666,Non core
6.782159970512349,Core
15.481017323995577,Non core
2.818853974121996,Core
6.053604436229206,Non core
3.5667107001321003,Core
6.516952884191986,Non core
3.996366939146231,Core
6.857402361489555,Non core
2.29293401965372,Core
3.696771174543753,Non core
2.462825278810409,Core
4.275092936802974,Non core
5.061675882603148,Core
8.847299021692896,Non core
4.332449160035367,Core
8.664898320070733,Non core
4.600171969045571,Core
10.447119518486671,Non core
2.0657276995305165,Core
3.8028169014084505,Non core
3.430308293530178,Core
7.815892314372558,Non core
2.1445221445221447,Core
3.076923076923077,Non core
2.162908421537045,Core
5.246203405430281,Non core
1.3358778625954195,Core
1.717557251908397,Non core
6.532485875706215,Core
18.07909604519774,Non core
0.0,Core
0.7608178792201616,Non core
5.72959604286892,Core
12.90189612530915,Non core
2.740899357601713,Core
6.124197002141328,Non core
2.6703499079189688,Core
6.906077348066299,Non core
1.9697663765460376,Core
3.4814475492441592,Non core
0.8130081300813009,Core
0.6217120994739359,Non core
2.0871985157699444,Core
4.313543599257885,Non core
2.9473684210526314,Core
7.831578947368421,Non core
7.653429602888087,Core
19.2057761732852,Non core
0.7615421227986673,Core
1.4278914802475011,Non core
3.235815602836879,Core
5.319148936170213,Non core
2.405949256342957,Core
5.94925634295713,Non core
0.7615421227986673,Core
1.2375059495478342,Non core
7.790697674418605,Core
13.217054263565892,Non core
6.438848920863309,Core
14.064748201438848,Non core
2.385935537881959,Core
4.813729593972373,Non core
1.5355979525360632,Core
0.7910656119125176,Non core
4.619124797406808,Core
9.319286871961102,Non core
0.6514657980456027,Core
3.5830618892508146,Non core
1.4148790506617983,Core
3.468735737106344,Non core
1.0843941537010844,Core
1.0843941537010844,Non core
6.090597639893415,Core
12.5999238675295,Non core
0.6240998559769564,Core
0.3840614498319731,Non core
5.56390977443609,Core
11.31578947368421,Non core
8.778483376914457,Core
17.893163989540533,Non core
8.37370242214533,Core
18.858131487889278,Non core
8.85478158205431,Core
8.067689885871705,Non core
9.057025717480432,Core
14.424152068579948,Non core
9.4692630775105,Core
9.889270714012982,Non core
4.453262786596119,Core
8.068783068783068,Non core
0.3829583532790809,Core
0.3829583532790809,Non core
1.1385199240986716,Core
2.1821631878557874,Non core
4.055007052186178,Core
9.203102961918194,Non core
6.094182825484765,Core
10.064635272391504,Non core
6.605691056910569,Core
13.211382113821138,Non core
6.18436406067678,Core
12.485414235705951,Non core
4.078947368421053,Core
5.526315789473684,Non core
5.521472392638037,Core
11.901840490797548,Non core
7.537688442211055,Core
12.864321608040202,Non core
5.871670702179177,Core
11.924939467312347,Non core
5.615292712066906,Core
12.066905615292711,Non core
5.7026476578411405,Core
9.266802443991851,Non core
6.528835690968444,Core
9.902067464635474,Non core
4.534005037783375,Core
8.060453400503778,Non core
4.884004884004884,Core
8.18070818070818,Non core
6.811989100817439,Core
11.89827429609446,Non core
7.208121827411168,Core
13.096446700507611,Non core
7.077205882352941,Core
12.867647058823527,Non core
3.778337531486146,Core
7.556675062972292,Non core
4.961089494163424,Core
10.894941634241246,Non core
4.10958904109589,Core
6.226650062266501,Non core
4.540023894862605,Core
10.51373954599761,Non core
3.3967391304347823,Core
3.804347826086957,Non core
4.830917874396135,Core
11.003757380568976,Non core
0.0,Core
1.7687074829931977,Non core
5.405405405405405,Core
10.965250965250965,Non core
4.612365063788027,Core
10.304219823356233,Non core
4.895104895104895,Core
12.703962703962704,Non core
3.827751196172249,Core
7.535885167464115,Non core
1.9310344827586208,Core
1.5172413793103448,Non core
4.014598540145985,Core
8.27250608272506,Non core
3.733333333333334,Core
8.266666666666666,Non core
5.911330049261084,Core
11.3847837985769,Non core
2.0380434782608696,Core
3.3967391304347823,Non core
5.291005291005291,Core
8.783068783068783,Non core
3.991811668372569,Core
9.211873080859776,Non core
1.6194331983805668,Core
2.564102564102564,Non core
6.604402935290193,Core
10.206804536357572,Non core
6.357694592988711,Core
11.229946524064172,Non core
3.0825022665457844,Core
4.805077062556664,Non core
2.7777777777777777,Core
1.7676767676767675,Non core
5.551086082059534,Core
10.378117457763476,Non core
1.1194029850746268,Core
6.965174129353234,Non core
1.8306636155606408,Core
4.233409610983982,Non core
1.423027166882277,Core
1.552393272962484,Non core
5.771812080536913,Core
11.476510067114097,Non core
1.6830294530154275,Core
1.1220196353436185,Non core
5.155320555188368,Core
9.715796430931924,Non core
6.38547158758055,Core
11.950790861159929,Non core
5.906108026249369,Core
10.4997476022211,Non core
8.478260869565217,Core
7.463768115942029,Non core
6.682721252257676,Core
10.234798314268511,Non core
7.068062827225131,Core
7.787958115183247,Non core
5.717054263565891,Core
8.720930232558139,Non core
0.9722222222222222,Core
0.9722222222222222,Non core
2.409638554216868,Core
5.622489959839357,Non core
5.098934550989346,Core
10.95890410958904,Non core
4.188880426504189,Core
8.948971820258949,Non core
7.75269872423945,Core
17.40268236833497,Non core
1.8658197697499008,Core
2.3421992854307265,Non core
6.741946197276652,Core
16.340086350049816,Non core
4.8605877920120575,Core
7.799547852298418,Non core
7.32030473666777,Core
16.495528320635973,Non core
2.5232919254658386,Core
5.279503105590062,Non core
3.762227238525208,Core
6.132430398796087,Non core
3.6739380022962114,Core
5.855338691159587,Non core
1.9200626959247649,Core
3.3307210031347965,Non core
2.54602428515472,Core
3.916960438699569,Non core
5.044182621502209,Core
9.057437407952872,Non core
3.778526000748223,Core
7.594463150018706,Non core
4.1090909090909085,Core
8.50909090909091,Non core
1.6829745596868884,Core
3.0528375733855184,Non core
3.3284023668639056,Core
6.989644970414201,Non core
2.036819428123776,Core
2.8593811202506854,Non core
1.7008117510630072,Core
4.793196752995748,Non core
1.0744130521289297,Core
1.631516116195782,Non core
6.454630495790459,Core
16.71343935141877,Non core
0.0,Core
0.6738010305192231,Non core
5.5160142348754455,Core
11.886120996441282,Non core
2.5349008082292435,Core
6.318883174136664,Non core
2.271852137081248,Core
5.583365421640354,Non core
1.7334360554699535,Core
3.1587057010785826,Non core
0.7174172977281785,Core
0.5978477481068154,Non core
1.7926734216679656,Core
4.014029618082619,Non core
3.575337468077344,Core
7.770886537759941,Non core
8.028488183878277,Core
19.35901586273875,Non core
0.713436385255648,Core
1.070154577883472,Non core
3.615384615384616,Core
6.769230769230769,Non core
2.849544072948328,Core
7.256838905775076,Non core
0.8356545961002786,Core
1.193792280143255,Non core
8.356449375866852,Core
14.49375866851595,Non core
6.9233257845357485,Core
15.076027175671303,Non core
2.500893176134334,Core
4.037156127188282,Non core
1.9669551534225016,Core
1.1014948859166012,Non core
4.719659332860184,Core
10.007097232079488,Non core
0.5857087075361187,Core
3.31901600937134,Non core
1.351351351351351,Core
3.6293436293436296,Non core
0.9846396218983852,Core
0.9452540370224496,Non core
6.403774856757667,Core
12.87495786990226,Non core
0.5191693290734825,Core
0.3194888178913738,Non core
5.838926174496644,Core
12.61744966442953,Non core
8.759842519685039,Core
16.305774278215225,Non core
9.326588681631362,Core
20.23395510591211,Non core
9.908963585434174,Core
8.858543417366947,Non core
9.9,Core
14.566666666666666,Non core
10.273037542662117,Core
10.784982935153584,Non core
4.400150432493419,Core
7.408800300864987,Non core
0.3987240829346092,Core
0.3189792663476874,Non core
0.9523809523809524,Core
2.1825396825396823,Non core
8.76979293544458,Core
15.10353227771011,Non core
6.778606965174129,Core
9.639303482587064,Non core
4.5,Core
7.333333333333333,Non core
5.8707124010554095,Core
9.696569920844327,Non core
9.16568742655699,Core
12.57344300822562,Non core
6.723237597911227,Core
9.725848563968668,Non core
6.373937677053824,Core
10.198300283286118,Non core
7.4029126213592225,Core
9.951456310679612,Non core
8.129032258064516,Core
9.032258064516128,Non core
5.572755417956656,Core
7.739938080495357,Non core
5.514157973174367,Core
8.345752608047691,Non core
9.35856992639327,Core
11.041009463722396,Non core
6.86164229471316,Core
8.211473565804274,Non core
6.769230769230769,Core
10.461538461538462,Non core
5.015673981191222,Core
8.150470219435736,Non core
5.869324473975636,Core
8.084163898117387,Non core
4.524886877828054,Core
4.675716440422323,Non core
4.526166902404526,Core
8.76944837340877,Non core
3.430531732418525,Core
4.116638078902231,Non core
5.838580423583286,Core
8.414424728105322,Non core
0.0,Core
1.9130434782608692,Non core
6.706792777300086,Core
8.942390369733449,Non core
5.454545454545454,Core
9.204545454545451,Non core
5.394190871369295,Core
11.756569847856154,Non core
4.310344827586207,Core
6.17816091954023,Non core
2.857142857142857,Core
2.142857142857143,Non core
4.315476190476191,Core
8.928571428571429,Non core
6.0699588477366255,Core
6.893004115226338,Non core
6.604324956165984,Core
9.175920514319111,Non core
2.413793103448276,Core
3.4482758620689653,Non core
7.583547557840617,Core
10.154241645244216,Non core
5.34629404617254,Core
9.356014580801943,Non core
2.9565217391304346,Core
3.130434782608696,Non core
8.239700374531834,Core
10.786516853932584,Non core
6.42085187539733,Core
9.090909090909092,Non core
3.4957627118644066,Core
5.402542372881356,Non core
4.669887278582931,Core
2.576489533011272,Non core
6.507791017415215,Core
10.72410632447296,Non core
1.5625,Core
8.90625,Non core
2.5069637883008355,Core
4.03899721448468,Non core
1.8121911037891267,Core
2.6359143327841847,Non core
6.976744186046512,Core
8.212209302325581,Non core
1.2567324955116697,Core
1.2567324955116697,Non core
6.6815144766147,Core
10.319227913882704,Non core
7.629255989911727,Core
9.520807061790668,Non core
6.734366648850881,Core
7.856761090326028,Non core
10.723192019950124,Core
8.811305070656692,Non core
8.603573792190602,Core
9.199205823957644,Non core
9.024211298606016,Core
7.850330154071901,Non core
6.718924972004479,Core
7.390817469204927,Non core
0.8944543828264758,Core
1.4311270125223614,Non core
3.209459459459459,Core
5.743243243243244,Non core
6.967485069674851,Core
12.01061712010617,Non core
6.153846153846154,Core
7.6923076923076925,Non core
6.595744680851063,Core
12.05673758865248,Non core
10.372340425531917,Core
16.888297872340424,Non core
7.0784177654406655,Core
11.242192921582236,Non core
8.279220779220779,Core
12.5,Non core
7.87716955941255,Core
10.68090787716956,Non core
8.784773060029282,Core
12.591508052708638,Non core
5.64373897707231,Core
9.523809523809524,Non core
5.593220338983051,Core
10.508474576271183,Non core
8.636363636363637,Core
12.5,Non core
8.450704225352112,Core
12.419974391805376,Non core
7.858769931662871,Core
13.325740318906606,Non core
6.093189964157706,Core
9.13978494623656,Non core
6.435643564356436,Core
11.13861386138614,Non core
5.88235294117647,Core
9.090909090909092,Non core
4.838709677419355,Core
11.612903225806452,Non core
3.784860557768925,Core
5.378486055776892,Non core
5.80060422960725,Core
10.030211480362537,Non core
0.0,Core
1.8072289156626504,Non core
7.296538821328344,Core
11.131898971000934,Non core
6.037735849056604,Core
10.943396226415096,Non core
5.5813953488372094,Core
13.488372093023257,Non core
4.715447154471545,Core
7.479674796747967,Non core
2.8925619834710745,Core
2.272727272727273,Non core
5.076142131979696,Core
10.321489001692049,Non core
4.281009879253568,Core
7.574094401756312,Non core
5.850091407678245,Core
10.054844606946984,Non core
3.0,Core
4.0,Non core
6.077348066298343,Core
9.530386740331492,Non core
4.697986577181208,Core
11.409395973154362,Non core
3.225806451612903,Core
3.8306451612903225,Non core
7.770800627943484,Core
10.75353218210361,Non core
5.750165234633179,Core
9.120951751487112,Non core
3.1818181818181817,Core
4.659090909090909,Non core
5.321100917431193,Core
2.385321100917431,Non core
6.069364161849711,Core
9.53757225433526,Non core
1.6042780748663104,Core
10.338680926916222,Non core
2.8213166144200628,Core
4.702194357366771,Non core
1.6791044776119404,Core
1.8656716417910448,Non core
6.016755521706017,Core
8.682406702208683,Non core
2.3255813953488373,Core
1.6913319238900637,Non core
6.172839506172839,Core
9.33641975308642,Non core
7.0198675496688745,Core
10.794701986754966,Non core
6.045479755962285,Core
8.48585690515807,Non core
9.2560553633218,Core
8.304498269896193,Non core
7.491408934707904,Core
9.415807560137456,Non core
8.540372670807454,Core
9.006211180124224,Non core
7.259073842302878,Core
10.387984981226534,Non core
1.2474012474012477,Core
1.2474012474012477,Non core
3.522504892367906,Core
7.240704500978473,Non core
3.106508875739645,Core
3.920118343195266,Non core
10.344827586206897,Core
25.86206896551724,Non core
8.277703604806408,Core
12.683578104138851,Non core
9.989959839357429,Core
18.52409638554217,Non core
4.417952314165498,Core
7.713884992987377,Non core
6.068601583113456,Core
8.905013192612138,Non core
6.529209621993128,Core
9.209621993127149,Non core
3.400868306801737,Core
5.716353111432706,Non core
4.294917680744453,Core
5.941302791696493,Non core
7.868649318463444,Core
11.152416356877325,Non core
6.584093872229466,Core
10.691003911342897,Non core
7.30793254216115,Core
12.554653341661462,Non core
3.093525179856115,Core
4.676258992805756,Non core
5.128205128205128,Core
10.576923076923077,Non core
3.398409255242227,Core
5.061460592913955,Non core
2.9329608938547485,Core
7.192737430167598,Non core
2.087994034302759,Core
2.535421327367636,Non core
8.51063829787234,Core
19.70397779833488,Non core
0.0,Core
0.9636767976278724,Non core
8.625817965496728,Core
17.549077929803687,Non core
4.350567465321563,Core
8.19672131147541,Non core
3.787878787878788,Core
7.988980716253444,Non core
2.638888888888889,Core
4.652777777777778,Non core
1.350337584396099,Core
0.9752438109527384,Non core
3.19375443577005,Core
5.8907026259758695,Non core
4.692260816575259,Core
9.506398537477148,Non core
9.388136384866886,Core
19.38346567024755,Non core
1.337295690936107,Core
1.9316493313521543,Non core
4.163955757970072,Core
5.920624593363696,Non core
3.9354838709677415,Core
7.03225806451613,Non core
1.412639405204461,Core
1.6356877323420074,Non core
11.06951871657754,Core
15.40106951871658,Non core
8.186046511627906,Core
12.41860465116279,Non core
3.225806451612903,Core
4.540023894862605,Non core
3.5688273852876917,Core
1.4566642388929352,Non core
6.624785836664763,Core
10.736721873215306,Non core
0.9312320916905444,Core
5.300859598853868,Non core
2.1542738012508686,Core
4.933981931897151,Non core
1.455604075691412,Core
1.1644832605531297,Non core
8.465068842427332,Core
11.932687404385518,Non core
0.9803921568627452,Core
0.603318250377074,Non core
7.472417251755266,Core
10.481444332998995,Non core
11.52304609218437,Core
20.440881763527056,Non core
10.19867549668874,Core
18.719646799117,Non core
12.687813021702835,Core
10.51752921535893,Non core
12.162162162162163,Core
15.765765765765764,Non core
13.500533617929564,Core
12.913553895410889,Non core
7.114624505928854,Core
11.133069828722004,Non core
0.6010518407212623,Core
0.67618332081142,Non core
1.694915254237288,Core
3.021370670596905,Non core
3.064516129032258,Core
3.951612903225806,Non core
6.517690875232775,Core
7.262569832402235,Non core
2.985074626865672,Core
3.7706205813040063,Non core
5.8988764044943816,Core
5.8988764044943816,Non core
5.714285714285714,Core
4.8979591836734695,Non core
5.215419501133787,Core
4.308390022675737,Non core
7.4074074074074066,Core
6.296296296296296,Non core
4.697986577181208,Core
9.060402684563758,Non core
4.573170731707317,Core
5.182926829268292,Non core
5.291970802919708,Core
3.832116788321168,Non core
4.407294832826747,Core
4.711246200607903,Non core
8.433734939759036,Core
10.843373493975903,Non core
2.636203866432337,Core
3.5149384885764503,Non core
4.37956204379562,Core
4.744525547445255,Non core
4.69208211143695,Core
5.571847507331378,Non core
7.471264367816093,Core
8.620689655172415,Non core
2.4080267558528425,Core
2.6755852842809364,Non core
0.0,Core
6.622516556291391,Non core
3.769140164899882,Core
4.593639575971731,Non core
3.4990791896869244,Core
4.051565377532229,Non core
7.262569832402235,Core
10.614525139664805,Non core
5.379746835443038,Core
3.481012658227848,Non core
6.122448979591836,Core
4.761904761904762,Non core
5.68561872909699,Core
6.688963210702341,Non core
2.1705426356589146,Core
2.1705426356589146,Non core
3.15284441398218,Core
3.495544893762851,Non core
6.432748538011696,Core
4.093567251461988,Non core
4.424778761061947,Core
4.20353982300885,Non core
3.312629399585921,Core
4.140786749482402,Non core
5.9880239520958085,Core
4.790419161676647,Non core
4.25531914893617,Core
3.4227567067530065,Non core
3.206106870229008,Core
3.0534351145038165,Non core
3.3989266547406083,Core
4.47227191413238,Non core
5.963302752293578,Core
4.587155963302752,Non core
3.7735849056603774,Core
3.647798742138365,Non core
2.42914979757085,Core
11.740890688259109,Non core
3.125,Core
3.125,Non core
1.477832512315271,Core
1.477832512315271,Non core
3.375912408759124,Core
2.4635036496350367,Non core
7.6923076923076925,Core
4.615384615384616,Non core
2.952029520295203,Core
3.2287822878228782,Non core
3.584764749813293,Core
3.4353995519044065,Non core
2.8799019607843137,Core
2.450980392156863,Non core
5.754614549402823,Core
4.234527687296417,Non core
3.867403314917127,Core
3.078137332280978,Non core
4.499540863177227,Core
2.7548209366391188,Non core
4.371584699453552,Core
3.825136612021858,Non core
5.185185185185185,Core
3.7037037037037033,Non core
6.598984771573605,Core
5.076142131979696,Non core
7.320540156361052,Core
12.935323383084576,Non core
8.854166666666668,Core
18.229166666666664,Non core
3.762227238525208,Core
7.524454477050415,Non core
5.411103302881236,Core
8.643710470836261,Non core
6.166419019316494,Core
10.029717682020802,Non core
3.2838154808444098,Core
5.238467552775606,Non core
3.795507358636716,Core
6.196746707978312,Non core
6.873760740251157,Core
12.161269001982816,Non core
6.329113924050633,Core
11.744022503516174,Non core
6.995336442371753,Core
12.858094603597603,Non core
3.380503144654088,Core
4.952830188679245,Non core
5.237767057201929,Core
10.889042039972432,Non core
3.3725490196078427,Core
4.862745098039216,Non core
2.865761689291101,Core
7.013574660633484,Non core
2.202283849918434,Core
2.446982055464926,Non core
8.102955195424213,Core
18.30314585319352,Non core
0.0,Core
0.8935824532900082,Non core
7.668133249528599,Core
18.101822752985544,Non core
3.755868544600939,Core
7.914151576123407,Non core
3.970037453183521,Core
8.614232209737828,Non core
2.320359281437125,Core
4.341317365269461,Non core
1.0673234811165846,Core
1.0673234811165846,Non core
2.9253271747498077,Core
6.158583525789068,Non core
4.163955757970072,Core
9.9544567338972,Non core
8.92156862745098,Core
20.34313725490196,Non core
1.3843648208469057,Core
2.035830618892508,Non core
3.708887333799861,Core
6.298110566829951,Non core
3.0821917808219177,Core
6.506849315068493,Non core
1.306122448979592,Core
2.0408163265306123,Non core
10.061145080600332,Core
14.73040578098944,Non core
8.003904343582235,Core
12.68911664226452,Non core
3.0573248407643314,Core
4.203821656050955,Non core
2.5963808025177024,Core
1.4162077104642017,Non core
5.755395683453238,Core
10.251798561151078,Non core
1.0093167701863357,Core
4.813664596273292,Non core
2.047005307050796,Core
5.686125852918878,Non core
1.4331210191082804,Core
1.2738853503184715,Non core
7.729211087420043,Core
11.727078891257996,Non core
0.9933774834437088,Core
0.5794701986754967,Non core
6.178010471204189,Core
10.68062827225131,Non core
11.005291005291005,Core
22.01058201058201,Non core
9.742647058823527,Core
18.933823529411764,Non core
10.899653979238757,Core
9.86159169550173,Non core
11.128445137805512,Core
15.548621944877794,Non core
11.71270718232044,Core
12.5414364640884,Non core
6.8181818181818175,Core
12.144886363636363,Non core
0.5761316872427984,Core
0.4938271604938271,Non core
1.6935483870967745,Core
3.225806451612903,Non core
7.232267037552156,Core
12.656467315716272,Non core
7.075471698113208,Core
12.89308176100629,Non core
7.631578947368421,Core
11.710526315789474,Non core
9.49640287769784,Core
12.51798561151079,Non core
5.641025641025641,Core
9.230769230769232,Non core
6.365159128978225,Core
11.55778894472362,Non core
9.739524348810871,Core
13.137032842582103,Non core
8.99873257287706,Core
13.054499366286436,Non core
8.612975391498882,Core
12.527964205816556,Non core
5.565217391304348,Core
9.565217391304348,Non core
6.067961165048544,Core
11.529126213592232,Non core
6.678383128295256,Core
10.01757469244288,Non core
4.897314375987362,Core
12.16429699842022,Non core
4.054054054054054,Core
5.405405405405405,Non core
5.529131985731272,Core
9.57193816884661,Non core
0.0,Core
1.153846153846154,Non core
7.87037037037037,Core
11.11111111111111,Non core
5.658056580565805,Core
11.07011070110701,Non core
5.748865355521937,Core
13.313161875945536,Non core
5.681818181818182,Core
9.415584415584416,Non core
2.783300198807157,Core
2.1868787276341948,Non core
5.107084019769357,Core
10.378912685337728,Non core
4.143947655398037,Core
9.051254089422027,Non core
6.886045094454602,Core
10.176721511273614,Non core
3.10077519379845,Core
4.263565891472868,Non core
6.7934782608695645,Core
9.510869565217392,Non core
5.228758169934641,Core
10.326797385620914,Non core
3.313840155945419,Core
3.898635477582846,Non core
9.12667191188041,Core
11.17230527143981,Non core
7.209612817089453,Core
10.080106809078773,Non core
4.284103720405862,Core
4.8478015783540025,Non core
6.272401433691756,Core
2.3297491039426523,Non core
7.803468208092486,Core
9.633911368015417,Non core
1.697792869269949,Core
8.149405772495756,Non core
3.211009174311927,Core
4.587155963302752,Non core
2.7472527472527477,Core
2.380952380952381,Non core
7.328244274809161,Core
9.083969465648854,Non core
2.231237322515213,Core
1.4198782961460443,Non core
6.245239908606245,Core
9.215536938309215,Non core
8.771929824561402,Core
12.550607287449392,Non core
7.007786429365963,Core
8.898776418242491,Non core
11.32404181184669,Core
8.710801393728223,Non core
8.791208791208792,Core
9.34065934065934,Non core
10.232558139534884,Core
8.604651162790699,Non core
8.385481852315396,Core
11.639549436795996,Non core
0.796812749003984,Core
1.195219123505976,Non core
3.189493433395872,Core
6.566604127579738,Non core
4.887218045112782,Core
8.721804511278195,Non core
7.5,Core
10.714285714285714,Non core
7.032967032967033,Core
9.89010989010989,Non core
3.601532567049808,Core
5.210727969348659,Non core
5.311778290993072,Core
6.466512702078522,Non core
8.860759493670885,Core
13.257828114590271,Non core
6.568832983927324,Core
12.997903563941298,Non core
7.189973614775726,Core
13.588390501319262,Non core
3.387220939183987,Core
5.157813702848345,Non core
6.189821182943604,Core
11.898211829436038,Non core
3.95655546935609,Core
5.585725368502716,Non core
3.3457249070631967,Core
7.360594795539034,Non core
2.0717131474103585,Core
2.7091633466135456,Non core
8.05243445692884,Core
17.60299625468165,Non core
0.0,Core
0.870942201108472,Non core
8.773006134969325,Core
15.950920245398772,Non core
4.6,Core
8.533333333333333,Non core
4.081632653061225,Core
7.798833819241982,Non core
3.2665181885671863,Core
4.89977728285078,Non core
1.282051282051282,Core
0.9615384615384616,Non core
3.3308099924299777,Core
6.358819076457229,Non core
5.164622336991608,Core
10.13557133634603,Non core
8.728296574378227,Core
16.51806663538245,Non core
1.351351351351351,Core
2.146263910969793,Non core
5.185704274702172,Core
7.217939733707078,Non core
4.78502080443828,Core
8.39112343966713,Non core
1.4331210191082804,Core
1.910828025477707,Non core
9.786768726079826,Core
14.707490431930015,Non core
9.054726368159203,Core
15.572139303482588,Non core
3.0973451327433628,Core
5.372945638432364,Non core
3.488372093023256,Core
1.4728682170542635,Non core
6.718192627824019,Core
10.225921521997622,Non core
0.8314436885865457,Core
4.610733182161754,Non core
2.202643171806168,Core
4.47870778267254,Non core
1.480904130943102,Core
1.558846453624318,Non core
8.588298443370908,Core
13.419216317767043,Non core
0.9685230024213076,Core
0.645682001614205,Non core
8.257858284496537,Core
12.360149174214172,Non core
10.139165009940358,Core
16.40159045725646,Non core
9.39982347749338,Core
15.578111209179172,Non core
13.30977620730271,Core
11.896348645465253,Non core
12.578288100208768,Core
16.231732776617953,Non core
13.237727523441809,Core
12.575841147269715,Non core
7.590529247910864,Core
11.28133704735376,Non core
0.4815409309791332,Core
0.6420545746388443,Non core
1.729559748427673,Core
3.0660377358490565,Non core
6.896551724137931,Core
12.758620689655173,Non core
10.515873015873016,Core
15.476190476190476,Non core
7.733333333333333,Core
14.666666666666666,Non core
6.60377358490566,Core
9.19811320754717,Non core
7.084468664850137,Core
11.716621253405997,Non core
6.645569620253164,Core
12.025316455696204,Non core
6.721536351165981,Core
12.620027434842248,Non core
6.753246753246753,Core
9.87012987012987,Non core
5.633802816901409,Core
12.676056338028168,Non core
6.443298969072164,Core
9.793814432989691,Non core
6.872037914691943,Core
18.246445497630333,Non core
5.111821086261981,Core
7.987220447284344,Non core
3.5920461834509303,Core
6.927517639512508,Non core
0.0,Core
2.287581699346405,Non core
5.296610169491525,Core
8.26271186440678,Non core
5.88235294117647,Core
11.128775834658189,Non core
7.218683651804671,Core
14.64968152866242,Non core
6.235011990407674,Core
12.709832134292563,Non core
4.452054794520548,Core
3.4246575342465757,Non core
7.711442786069651,Core
13.681592039800991,Non core
3.225806451612903,Core
7.661290322580645,Non core
3.875968992248062,Core
6.459948320413436,Non core
4.234527687296417,Core
6.840390879478828,Non core
6.227106227106227,Core
11.538461538461538,Non core
6.028368794326241,Core
12.943262411347517,Non core
3.5830618892508146,Core
6.188925081433225,Non core
5.68678915135608,Core
9.448818897637794,Non core
3.826714801444044,Core
7.653429602888087,Non core
2.586206896551724,Core
5.890804597701149,Non core
3.825136612021858,Core
3.551912568306011,Non core
5.0691244239631335,Core
10.829493087557603,Non core
2.525252525252525,Core
7.07070707070707,Non core
3.125,Core
6.696428571428571,Non core
0.8595988538681949,Core
2.5787965616045847,Non core
3.807106598984772,Core
7.191201353637903,Non core
2.826855123674912,Core
2.4734982332155475,Non core
4.363001745200698,Core
9.336823734729494,Non core
4.280701754385965,Core
6.947368421052631,Non core
3.3858727378867486,Core
5.837711617046118,Non core
6.485963213939981,Core
6.292352371732816,Non core
4.772393538913363,Core
5.873715124816446,Non core
5.378151260504202,Core
5.546218487394958,Non core
6.60377358490566,Core
10.69182389937107,Non core
2.0905923344947737,Core
2.0905923344947737,Non core
3.987730061349693,Core
10.122699386503069,Non core
10.158730158730158,Core
13.492063492063492,Non core
6.213592233009709,Core
10.87378640776699,Non core
7.7490774907749085,Core
9.40959409594096,Non core
7.790697674418605,Core
10.348837209302324,Non core
7.723035952063914,Core
11.318242343541945,Non core
7.593457943925233,Core
10.86448598130841,Non core
5.802707930367505,Core
8.897485493230175,Non core
7.412398921832884,Core
13.881401617250674,Non core
6.358381502890173,Core
8.285163776493256,Non core
5.902777777777778,Core
10.76388888888889,Non core
3.982300884955752,Core
6.1946902654867255,Non core
5.029940119760479,Core
6.766467065868263,Non core
0.0,Core
2.008928571428572,Non core
7.129277566539924,Core
8.460076045627376,Non core
5.490196078431373,Core
9.54248366013072,Non core
5.528455284552845,Core
11.219512195121952,Non core
6.021897810218978,Core
10.766423357664232,Non core
3.712296983758701,Core
2.784222737819025,Non core
5.37037037037037,Core
11.666666666666666,Non core
4.889406286379511,Core
7.916181606519208,Non core
5.215281989084294,Core
7.095209217707701,Non core
3.325942350332594,Core
4.212860310421286,Non core
5.97667638483965,Core
8.746355685131196,Non core
5.714285714285714,Core
10.714285714285714,Non core
3.1390134529147984,Core
4.708520179372197,Non core
7.332796132151491,Core
10.31426269137792,Non core
5.866302864938609,Core
9.27694406548431,Non core
2.5179856115107917,Core
5.275779376498801,Non core
5.040322580645161,Core
3.225806451612903,Non core
5.622489959839357,Core
9.839357429718875,Non core
1.4814814814814816,Core
5.555555555555555,Non core
3.5532994923857872,Core
4.060913705583756,Non core
1.443298969072165,Core
2.6804123711340204,Non core
6.902086677367576,Core
9.951845906902086,Non core
2.107728337236534,Core
1.405152224824356,Non core
6.135458167330677,Core
9.163346613545816,Non core
6.058588548601864,Core
9.054593874833555,Non core
5.34521158129176,Core
6.848552338530068,Non core
9.42883046237534,Core
9.247506799637351,Non core
7.6223776223776225,Core
7.832167832167832,Non core
8.31353919239905,Core
7.600950118764846,Non core
9.01749663526245,Core
10.767160161507402,Non core
1.160092807424594,Core
1.6241299303944314,Non core
3.1982942430703627,Core
6.823027718550106,Non core
6.652360515021459,Core
10.085836909871244,Non core
8.041237113402062,Core
10.721649484536082,Non core
8.98876404494382,Core
10.486891385767793,Non core
9.319526627218936,Core
14.201183431952662,Non core
9.207161125319692,Core
12.915601023017905,Non core
5.450733752620545,Core
6.498951781970649,Non core
7.736389684813753,Core
12.750716332378223,Non core
7.439824945295405,Core
9.846827133479213,Non core
6.142034548944338,Core
11.516314779270632,Non core
5.597964376590331,Core
6.106870229007633,Non core
5.412208936438011,Core
8.370044052863436,Non core
0.0,Core
0.7594936708860759,Non core
7.459677419354839,Core
9.173387096774194,Non core
6.056338028169014,Core
9.577464788732394,Non core
6.227758007117438,Core
11.032028469750893,Non core
6.534653465346535,Core
8.514851485148515,Non core
3.7433155080213902,Core
3.2085561497326207,Non core
6.109979633401222,Core
10.590631364562118,Non core
5.368289637952559,Core
8.239700374531834,Non core
5.964467005076142,Core
7.804568527918781,Non core
3.816793893129771,Core
4.580152671755725,Non core
6.456692913385827,Core
8.188976377952756,Non core
6.125574272588056,Core
9.647779479326186,Non core
3.589743589743589,Core
4.615384615384616,Non core
7.49375520399667,Core
9.159034138218152,Non core
5.865921787709497,Core
7.891061452513965,Non core
2.956298200514139,Core
5.012853470437018,Non core
4.966139954853273,Core
2.9345372460496613,Non core
5.666316894018888,Core
8.814270724029381,Non core
1.851851851851852,Core
4.938271604938271,Non core
3.780718336483932,Core
5.293005671077505,Non core
1.3953488372093024,Core
2.3255813953488373,Non core
5.939788445890969,Core
7.729861676159479,Non core
2.4456521739130435,Core
1.6304347826086956,Non core
6.358381502890173,Core
8.257638315441785,Non core
6.903765690376569,Core
9.553695955369596,Non core
5.549132947976879,Core
7.514450867052023,Non core
9.048507462686567,Core
7.555970149253731,Non core
7.625272331154684,Core
7.988380537400146,Non core
8.052588331963847,Core
7.395234182415776,Non core
8.595988538681947,Core
10.458452722063036,Non core
1.0610079575596816,Core
0.7957559681697612,Non core
3.40632603406326,Core
7.785888077858881,Non core
6.9364161849710975,Core
8.670520231213873,Non core
5.507246376811594,Core
7.681159420289855,Non core
6.293706293706294,Core
8.916083916083917,Non core
5.370101596516691,Core
7.6923076923076925,Non core
9.523809523809524,Core
12.244897959183673,Non core
5.067567567567568,Core
7.263513513513513,Non core
6.129032258064516,Core
10.0,Non core
6.593406593406594,Core
13.461538461538462,Non core
5.240174672489083,Core
9.60698689956332,Non core
2.356020942408377,Core
4.450261780104712,Non core
0.0,Core
2.7777777777777777,Non core
3.9149888143176734,Core
5.8165548098434,Non core
5.714285714285714,Core
9.464285714285714,Non core
6.451612903225806,Core
13.399503722084368,Non core
6.666666666666667,Core
10.72463768115942,Non core
6.467661691542288,Core
4.975124378109453,Non core
7.48502994011976,Core
11.377245508982035,Non core
2.949852507374631,Core
5.3097345132743365,Non core
3.1312458361092603,Core
4.596935376415723,Non core
5.0228310502283104,Core
9.1324200913242,Non core
5.660377358490567,Core
10.062893081761008,Non core
5.61122244488978,Core
10.62124248496994,Non core
3.5398230088495577,Core
5.3097345132743365,Non core
3.939122649955237,Core
5.729632945389436,Non core
3.1413612565445024,Core
5.534779356768885,Non core
2.936378466557912,Core
5.383360522022838,Non core
3.202846975088968,Core
4.270462633451958,Non core
4.014598540145985,Core
7.2992700729927,Non core
2.5889967637540456,Core
8.414239482200648,Non core
2.7247956403269757,Core
6.539509536784741,Non core
1.1583011583011582,Core
3.088803088803089,Non core
3.202846975088968,Core
5.427046263345195,Non core
3.589743589743589,Core
2.564102564102564,Non core
3.619909502262444,Core
6.0633484162895925,Non core
3.563636363636364,Core
5.090909090909091,Non core
3.061224489795918,Core
3.7815126050420167,Non core
5.122950819672131,Core
4.918032786885246,Non core
3.6669213139801378,Core
4.507257448433919,Non core
4.232804232804233,Core
4.144620811287478,Non core
5.749128919860628,Core
8.362369337979095,Non core
2.512562814070352,Core
2.010050251256281,Non core
5.46218487394958,Core
12.605042016806722,Non core
5.742296918767507,Core
8.123249299719888,Non core
5.921052631578947,Core
7.730263157894737,Non core
5.825242718446602,Core
6.657420249653259,Non core
5.6716417910447765,Core
10.746268656716415,Non core
5.0,Core
7.419354838709677,Non core
4.843304843304843,Core
6.837606837606838,Non core
4.842615012106537,Core
8.716707021791766,Non core
4.887218045112782,Core
6.015037593984962,Non core
3.3854166666666665,Core
4.947916666666666,Non core
0.0,Core
0.7936507936507936,Non core
6.308411214953271,Core
12.032710280373832,Non core
3.789126853377265,Core
7.742998352553541,Non core
5.93607305936073,Core
11.643835616438356,Non core
5.684754521963824,Core
7.235142118863049,Non core
3.79746835443038,Core
4.219409282700422,Non core
6.539509536784741,Core
10.354223433242508,Non core
3.68271954674221,Core
4.815864022662889,Non core
3.642384105960265,Core
5.562913907284768,Non core
3.875968992248062,Core
5.426356589147287,Non core
5.343511450381679,Core
6.106870229007633,Non core
4.93601462522852,Core
6.946983546617916,Non core
2.3166023166023164,Core
5.019305019305019,Non core
5.202821869488536,Core
5.64373897707231,Non core
3.956043956043956,Core
4.835164835164836,Non core
1.8072289156626504,Core
3.0120481927710845,Non core
4.472843450479233,Core
2.2364217252396164,Non core
4.413472706155633,Core
5.574912891986063,Non core
2.127659574468085,Core
11.854103343465043,Non core
3.7037037037037033,Core
3.2098765432098766,Non core
1.023890784982935,Core
2.04778156996587,Non core
4.260869565217392,Core
4.695652173913043,Non core
2.6200873362445414,Core
1.7467248908296942,Non core
4.677846425419241,Core
5.119152691968226,Non core
4.181687094448449,Core
5.839942321557317,Non core
3.6882807852468766,Core
4.104699583581202,Non core
6.565656565656567,Core
5.151515151515151,Non core
5.007587253414264,Core
4.855842185128983,Non core
5.341506129597198,Core
5.078809106830122,Non core
8.880994671403197,Core
13.143872113676732,Non core
0.847457627118644,Core
0.847457627118644,Non core
3.900709219858156,Core
7.092198581560284,Non core
8.417508417508419,Core
11.896745230078563,Non core
8.638211382113822,Core
12.5,Non core
4.755043227665706,Core
6.340057636887608,Non core
6.798245614035088,Core
11.403508771929824,Non core
5.676855895196507,Core
6.841339155749636,Non core
4.435483870967742,Core
9.811827956989246,Non core
3.531300160513644,Core
4.975922953451043,Non core
6.083001705514497,Core
10.176236498010232,Non core
0.0,Core
1.6,Non core
7.646559048428207,Core
10.790144435004247,Non core
6.256860592755214,Core
9.879253567508233,Non core
5.270092226613966,Core
12.779973649538867,Non core
4.483695652173913,Core
6.657608695652175,Non core
2.631578947368421,Core
2.138157894736842,Non core
4.768583450210379,Core
8.835904628330995,Non core
5.06454816285998,Core
8.838133068520357,Non core
6.560182544209926,Core
9.241300627495722,Non core
2.4077046548956664,Core
4.012841091492777,Non core
6.341463414634147,Core
11.341463414634148,Non core
5.30565167243368,Core
9.22722029988466,Non core
2.576489533011272,Core
3.542673107890499,Non core
8.81924198250729,Core
10.568513119533527,Non core
6.300185299567635,Core
8.956145768993204,Non core
3.618090452261306,Core
4.623115577889447,Non core
3.994082840236687,Core
1.7751479289940828,Non core
6.304728546409807,Core
9.98248686514886,Non core
1.267605633802817,Core
5.211267605633803,Non core
3.050397877984085,Core
4.907161803713528,Non core
1.82648401826484,Core
2.13089802130898,Non core
6.586402266288951,Core
9.135977337110482,Non core
1.8302828618968388,Core
1.3311148086522462,Non core
7.142857142857142,Core
11.29737609329446,Non core
8.015028177833438,Core
11.39636819035692,Non core
6.881948120698782,Core
9.211222869242985,Non core
10.674157303370784,Core
8.667736757624397,Non core
9.149484536082474,Core
8.698453608247423,Non core
10.274963820549928,Core
8.5383502170767,Non core
7.338444687842278,Core
9.63855421686747,Non core
0.986842105263158,Core
1.151315789473684,Non core
2.7906976744186047,Core
4.8062015503875966,Non core
9.090909090909092,Core
15.61771561771562,Non core
4.737732656514383,Core
5.076142131979696,Non core
6.82110682110682,Core
16.216216216216218,Non core
6.73758865248227,Core
8.687943262411348,Non core
5.64516129032258,Core
11.774193548387096,Non core
3.937007874015748,Core
5.118110236220472,Non core
5.542021924482339,Core
11.571254567600487,Non core
0.0,Core
1.383399209486166,Non core
7.383177570093458,Core
11.495327102803738,Non core
5.528255528255528,Core
9.45945945945946,Non core
5.538922155688622,Core
10.32934131736527,Non core
5.314009661835748,Core
6.763285024154589,Non core
2.8629856850715747,Core
2.4539877300613497,Non core
4.605263157894736,Core
8.552631578947368,Non core
5.033557046979865,Core
9.619686800894854,Non core
5.474452554744526,Core
10.583941605839415,Non core
2.7777777777777777,Core
4.563492063492063,Non core
5.495978552278821,Core
7.506702412868632,Non core
5.006587615283268,Core
9.749670619235836,Non core
2.976190476190476,Core
3.571428571428571,Non core
7.093292212798766,Core
9.79182729375482,Non core
5.6105610561056105,Core
9.504950495049505,Non core
2.9082774049217,Core
3.9149888143176734,Non core
3.380782918149466,Core
2.135231316725979,Non core
5.826170009551098,Core
9.36007640878701,Non core
1.5,Core
4.166666666666666,Non core
2.8125,Core
5.3125,Non core
1.6635859519408502,Core
2.033271719038817,Non core
6.211656441717792,Core
9.739263803680982,Non core
1.859504132231405,Core
1.0330578512396695,Non core
5.720823798627003,Core
8.924485125858125,Non core
6.496062992125983,Core
10.62992125984252,Non core
5.601774819744869,Core
9.262340543538548,Non core
8.755364806866952,Core
8.412017167381974,Non core
7.2690217391304355,Core
8.695652173913043,Non core
7.774390243902439,Core
8.079268292682928,Non core
7.421383647798742,Core
11.572327044025158,Non core
1.859504132231405,Core
1.2396694214876034,Non core
3.256704980842912,Core
6.321839080459771,Non core
4.796511627906977,Core
6.976744186046512,Non core
6.888888888888889,Core
12.666666666666668,Non core
6.222222222222222,Core
8.0,Non core
4.864864864864865,Core
9.72972972972973,Non core
3.858520900321544,Core
4.501607717041801,Non core
6.025492468134415,Core
12.340672074159906,Non core
0.0,Core
1.1182108626198082,Non core
7.124681933842239,Core
10.941475826972011,Non core
5.537459283387622,Core
9.120521172638435,Non core
5.181347150259067,Core
10.621761658031089,Non core
4.53920220082531,Core
7.702888583218708,Non core
2.127659574468085,Core
1.800327332242226,Non core
5.070422535211268,Core
8.732394366197182,Non core
4.635108481262328,Core
8.284023668639055,Non core
5.641025641025641,Core
9.914529914529917,Non core
2.741935483870968,Core
3.870967741935484,Non core
5.176470588235294,Core
8.117647058823529,Non core
4.393063583815029,Core
10.173410404624278,Non core
2.572347266881029,Core
3.054662379421222,Non core
7.853025936599424,Core
10.014409221902016,Non core
5.860349127182045,Core
10.349127182044889,Non core
3.1313131313131315,Core
5.454545454545454,Non core
3.2400589101620034,Core
1.7673048600883652,Non core
5.2264808362369335,Core
10.278745644599304,Non core
1.1283497884344147,Core
5.218617771509168,Non core
2.371541501976284,Core
4.61133069828722,Non core
1.669195751138088,Core
1.669195751138088,Non core
5.9405940594059405,Core
9.476661951909476,Non core
2.0,Core
1.0,Non core
5.432451751250893,Core
10.578984989278055,Non core
7.129455909943714,Core
12.00750469043152,Non core
6.197033898305085,Core
9.851694915254235,Non core
8.77742946708464,Core
7.601880877742946,Non core
7.830551989730424,Core
9.435173299101413,Non core
8.226950354609928,Core
8.085106382978724,Non core
7.427937915742794,Core
10.753880266075388,Non core
0.99009900990099,Core
1.155115511551155,Non core
2.4922118380062304,Core
5.29595015576324,Non core
4.713804713804714,Core
5.555555555555555,Non core
5.466237942122187,Core
7.07395498392283,Non core
6.0109289617486334,Core
10.655737704918032,Non core
4.405286343612335,Core
7.048458149779736,Non core
2.628120893561104,Core
3.942181340341656,Non core
0.0,Core
2.415458937198068,Non core
3.229398663697105,Core
4.89977728285078,Non core
4.370629370629371,Core
6.643356643356643,Non core
7.3604060913705585,Core
12.690355329949238,Non core
6.176470588235294,Core
10.0,Non core
5.181347150259067,Core
5.699481865284974,Non core
8.385093167701864,Core
11.801242236024844,Non core
2.332361516034985,Core
3.206997084548105,Non core
2.589641434262948,Core
4.116865869853918,Non core
5.5813953488372094,Core
6.046511627906977,Non core
4.554865424430641,Core
7.6604554865424435,Non core
5.0,Core
9.0,Non core
3.2407407407407405,Core
6.018518518518518,Non core
4.121863799283155,Core
4.749103942652329,Non core
2.823179791976226,Core
4.38335809806835,Non core
2.6272577996715927,Core
4.761904761904762,Non core
4.428044280442804,Core
3.321033210332104,Non core
3.614457831325301,Core
5.421686746987952,Non core
2.7777777777777777,Core
12.84722222222222,Non core
2.73224043715847,Core
4.098360655737705,Non core
2.0161290322580645,Core
2.82258064516129,Non core
2.9151943462897525,Core
4.063604240282685,Non core
4.945054945054945,Core
3.296703296703297,Non core
2.7728085867620758,Core
4.740608228980322,Non core
3.340595497458242,Core
4.429920116194626,Non core
2.382370458606313,Core
3.0375223347230493,Non core
4.918032786885246,Core
4.098360655737705,Non core
3.416856492027335,Core
3.340926347760061,Non core
3.7037037037037033,Core
3.7918871252204585,Non core
4.258943781942079,Core
5.621805792163544,Non core
3.723404255319149,Core
1.5957446808510638,Non core
5.084745762711865,Core
9.745762711864408,Non core
5.944055944055944,Core
8.916083916083917,Non core
4.409448818897638,Core
11.181102362204724,Non core
3.67504835589942,Core
4.642166344294004,Non core
4.469606674612634,Core
10.488676996424315,Non core
0.0,Core
0.9727626459143968,Non core
4.663677130044843,Core
9.955156950672643,Non core
4.07673860911271,Core
8.872901678657074,Non core
4.315476190476191,Core
11.75595238095238,Non core
4.333868378812198,Core
8.346709470304976,Non core
2.610441767068273,Core
2.0080321285140563,Non core
4.25531914893617,Core
9.328968903436987,Non core
4.671857619577309,Core
10.011123470522804,Non core
4.2477876106194685,Core
8.672566371681416,Non core
2.3391812865497075,Core
4.28849902534113,Non core
5.066666666666666,Core
8.133333333333333,Non core
5.158730158730158,Core
10.846560846560848,Non core
1.744186046511628,Core
3.488372093023256,Non core
5.597579425113464,Core
9.531013615733738,Non core
4.23348300192431,Core
8.017960230917256,Non core
2.3359288097886544,Core
4.560622914349278,Non core
2.0761245674740483,Core
1.5570934256055362,Non core
4.007455731593663,Core
8.946877912395154,Non core
1.3179571663920924,Core
4.118616144975288,Non core
1.5105740181268883,Core
3.927492447129909,Non core
1.279707495429616,Core
2.376599634369287,Non core
5.064247921390779,Core
9.674981103552533,Non core
2.0408163265306123,Core
0.8163265306122449,Non core
4.191616766467066,Core
8.757485029940119,Non core
5.111821086261981,Core
9.329073482428116,Non core
4.723127035830619,Core
8.034744842562432,Non core
7.1070234113712365,Core
7.5250836120401345,Non core
6.384408602150538,Core
8.736559139784946,Non core
7.013574660633484,Core
8.069381598793363,Non core
5.904059040590406,Core
11.193111931119311,Non core
0.8064516129032258,Core
1.0080645161290325,Non core
2.6266416510318957,Core
5.816135084427768,Non core
6.868131868131869,Core
10.989010989010987,Non core
4.932735426008969,Core
9.417040358744394,Non core
3.102310231023102,Core
4.092409240924092,Non core
0.0,Core
0.9433962264150944,Non core
3.90625,Core
4.6875,Non core
4.736842105263158,Core
7.017543859649122,Non core
4.513064133016627,Core
8.31353919239905,Non core
5.747126436781609,Core
8.333333333333332,Non core
5.128205128205128,Core
5.641025641025641,Non core
5.654761904761905,Core
10.11904761904762,Non core
3.903903903903904,Core
5.105105105105105,Non core
3.006012024048096,Core
4.47561790247161,Non core
3.636363636363636,Core
6.363636363636363,Non core
4.732510288065844,Core
7.20164609053498,Non core
4.724409448818897,Core
7.874015748031496,Non core
4.694835680751173,Core
7.042253521126761,Non core
4.136690647482014,Core
5.305755395683454,Non core
3.052866716306776,Core
4.542069992553984,Non core
2.7463651050080773,Core
3.231017770597738,Non core
3.237410071942446,Core
2.5179856115107917,Non core
4.21179302045728,Core
4.9338146811071,Non core
2.229299363057325,Core
4.45859872611465,Non core
3.6414565826330536,Core
6.442577030812324,Non core
3.225806451612903,Core
2.419354838709677,Non core
3.5398230088495577,Core
3.8053097345132745,Non core
3.7433155080213902,Core
2.6737967914438503,Non core
3.312444046553268,Core
4.476275738585497,Non core
3.652300949598247,Core
4.894083272461651,Non core
3.0927835051546397,Core
4.366282595512431,Non core
5.046343975283213,Core
4.737384140061792,Non core
4.199066874027993,Core
5.287713841368585,Non core
4.630454140694568,Core
4.096170970614425,Non core
5.614035087719298,Core
7.894736842105263,Non core
1.5544041450777202,Core
2.072538860103627,Non core
4.621848739495799,Core
10.084033613445378,Non core
3.691275167785235,Core
7.718120805369128,Non core
2.886465683130212,Core
6.221937139191789,Non core
0.0,Core
1.3937282229965158,Non core
3.563941299790356,Core
6.498951781970649,Non core
5.2718286655683695,Core
12.355848434925864,Non core
5.639913232104121,Core
14.099783080260304,Non core
6.8181818181818175,Core
12.87878787878788,Non core
4.074074074074074,Core
4.444444444444445,Non core
5.989583333333334,Core
15.364583333333334,Non core
3.310344827586207,Core
7.448275862068964,Non core
2.8350515463917527,Core
5.798969072164948,Non core
4.577464788732395,Core
7.746478873239436,Non core
5.70342205323194,Core
12.357414448669202,Non core
5.054151624548736,Core
12.093862815884476,Non core
3.0927835051546397,Core
5.154639175257731,Non core
4.051724137931034,Core
7.5,Non core
2.971014492753623,Core
7.3188405797101455,Non core
2.954209748892171,Core
5.317577548005908,Non core
1.971830985915493,Core
2.535211267605634,Non core
4.161849710982659,Core
9.595375722543352,Non core
2.3872679045092835,Core
6.896551724137931,Non core
3.255813953488372,Core
6.046511627906977,Non core
2.1671826625387,Core
2.786377708978328,Non core
3.339041095890411,Core
7.106164383561644,Non core
2.6717557251908395,Core
2.6717557251908395,Non core
3.762029746281715,Core
8.31146106736658,Non core
3.248587570621469,Core
7.13276836158192,Non core
2.8857479387514724,Core
6.007067137809187,Non core
5.110896817743491,Core
5.110896817743491,Non core
3.671071953010279,Core
5.359765051395008,Non core
4.30379746835443,Core
5.232067510548523,Non core
4.754358161648177,Core
9.984152139461171,Non core
1.4925373134328357,Core
1.8656716417910448,Non core
3.5830618892508146,Core
10.423452768729645,Non core
1.4915254237288136,Core
2.0338983050847457,Non core
0.0,Core
2.631578947368421,Non core
2.406738868832732,Core
3.0084235860409145,Non core
3.0120481927710845,Core
5.421686746987952,Non core
3.823529411764706,Core
7.352941176470589,Non core
5.166051660516605,Core
5.535055350553505,Non core
5.660377358490567,Core
6.60377358490566,Non core
3.4615384615384617,Core
8.846153846153847,Non core
2.8764805414551606,Core
3.5532994923857872,Non core
1.7881705639614855,Core
2.200825309491059,Non core
6.25,Core
7.03125,Non core
4.176904176904177,Core
5.651105651105651,Non core
3.432494279176201,Core
5.263157894736842,Non core
5.785123966942149,Core
10.743801652892564,Non core
2.351834430856068,Core
3.0103480714957667,Non core
2.0202020202020203,Core
2.7195027195027195,Non core
2.063789868667917,Core
2.8142589118198877,Non core
5.0,Core
4.444444444444445,Non core
2.34375,Core
3.125,Non core
2.702702702702702,Core
4.504504504504505,Non core
1.7921146953405016,Core
4.301075268817205,Non core
1.89873417721519,Core
2.5316455696202533,Non core
1.971830985915493,Core
2.8169014084507045,Non core
6.666666666666667,Core
6.666666666666667,Non core
2.081362346263009,Core
2.6490066225165565,Non core
1.954887218045113,Core
2.481203007518797,Non core
1.7990074441687345,Core
2.109181141439206,Non core
2.838427947598253,Core
2.947598253275109,Non core
2.31629392971246,Core
2.3961661341853038,Non core
2.504638218923933,Core
1.7625231910946195,Non core
4.191616766467066,Core
5.588822355289421,Non core
3.1578947368421053,Core
5.263157894736842,Non core
6.578947368421052,Core
9.210526315789473,Non core
0.0,Core
1.0197144799456153,Non core
6.28997867803838,Core
13.37953091684435,Non core
3.498542274052478,Core
7.813411078717201,Non core
2.8930817610062896,Core
6.981132075471698,Non core
2.492012779552716,Core
4.15335463258786,Non core
1.1667810569663692,Core
0.9608785175017158,Non core
2.665799739921977,Core
5.331599479843954,Non core
4.308390022675737,Core
8.956916099773244,Non core
7.56266205704408,Core
16.94036300777874,Non core
1.0847457627118644,Core
1.5593220338983051,Non core
3.55421686746988,Core
5.843373493975903,Non core
3.331350386674598,Core
6.365258774538965,Non core
1.0862186014935504,Core
1.4256619144602851,Non core
8.753056234718827,Core
12.95843520782396,Non core
6.907171139463264,Core
12.626484821821382,Non core
2.2777777777777777,Core
4.833333333333333,Non core
2.2397891963109355,Core
0.922266139657444,Non core
5.293806246691371,Core
10.058231868713603,Non core
0.7115135834411385,Core
3.2341526520051747,Non core
1.5832805573147564,Core
3.863204559848005,Non core
1.134089392928619,Core
1.200800533689126,Non core
7.046979865771812,Core
12.08053691275168,Non core
0.8959338387319091,Core
0.4824259131633356,Non core
6.164705882352941,Core
10.352941176470589,Non core
8.750563824988724,Core
15.651781686964366,Non core
8.84297520661157,Core
16.94214876033058,Non core
10.390946502057613,Core
9.876543209876544,Non core
10.328638497652582,Core
15.492957746478872,Non core
10.801564027370478,Core
11.04594330400782,Non core
4.86646884272997,Core
9.020771513353116,Non core
0.4797806716929403,Core
0.411240575736806,Non core
1.48347943358058,Core
2.6972353337828725,Non core
0.0,Core
1.2121212121212122,Non core
0.0,Core
1.0121457489878545,Non core
0.0,Core
1.812688821752266,Non core
0.0,Core
1.568627450980392,Non core
0.0,Core
2.631578947368421,Non core
0.0,Core
2.8688524590163933,Non core
0.0,Core
0.3412969283276451,Non core
0.0,Core
0.7534246575342466,Non core
0.0,Core
1.96078431372549,Non core
0.0,Core
2.010050251256281,Non core
0.0,Core
1.4018691588785046,Non core
0.0,Core
1.0101010101010102,Non core
0.0,Core
1.0299625468164793,Non core
0.0,Core
1.317829457364341,Non core
0.0,Core
1.568627450980392,Non core
0.0,Core
4.0,Non core
0.0,Core
1.4511873350923483,Non core
0.0,Core
2.604166666666667,Non core
0.0,Core
0.3937007874015747,Non core
0.0,Core
0.8130081300813009,Non core
0.0,Core
0.7497656982193065,Non core
0.0,Core
1.6666666666666667,Non core
0.0,Core
0.946969696969697,Non core
0.0,Core
0.9737827715355803,Non core
0.0,Core
0.6157635467980296,Non core
0.0,Core
1.310043668122271,Non core
0.0,Core
0.7936507936507936,Non core
0.0,Core
0.7441860465116279,Non core
0.0,Core
1.1928429423459244,Non core
0.0,Core
8.771929824561402,Non core
0.0,Core
0.7462686567164178,Non core
4.697380307136405,Core
8.94308943089431,Non core
4.365904365904366,Core
9.563409563409564,Non core
3.862660944206009,Core
5.36480686695279,Non core
1.7220172201722015,Core
1.2300123001230012,Non core
3.858875413450937,Core
7.497243660418963,Non core
4.818258664412511,Core
9.04480135249366,Non core
7.027027027027027,Core
13.513513513513514,Non core
1.4423076923076923,Core
2.283653846153846,Non core
4.852521408182684,Core
5.99429115128449,Non core
4.275092936802974,Core
6.598513011152416,Non core
1.9417475728155336,Core
2.3058252427184467,Non core
8.370895041854476,Core
9.980682549903412,Non core
6.587837837837837,Core
9.74099099099099,Non core
2.747710241465445,Core
3.5803497085761866,Non core
3.2,Core
1.3714285714285714,Non core
5.50185873605948,Core
8.104089219330856,Non core
1.0022271714922049,Core
5.456570155902004,Non core
3.311965811965812,Core
5.021367521367521,Non core
0.9259259259259258,Core
1.273148148148148,Non core
6.427221172022684,Core
9.13673597983617,Non core
1.2422360248447204,Core
0.6211180124223602,Non core
6.844106463878327,Core
8.808618504435994,Non core
8.081395348837209,Core
14.418604651162791,Non core
7.082294264339152,Core
12.26932668329177,Non core
10.653409090909092,Core
9.161931818181818,Non core
9.36374549819928,Core
12.424969987995198,Non core
10.202746893394377,Core
10.26814911706998,Non core
10.37735849056604,Core
22.53668763102725,Non core
0.8663366336633664,Core
0.7425742574257426,Non core
2.251184834123223,Core
3.672985781990521,Non core
4.427480916030534,Core
11.603053435114504,Non core
5.2718286655683695,Core
7.084019769357496,Non core
2.941176470588235,Core
2.3109243697478994,Non core
5.47008547008547,Core
9.743589743589745,Non core
3.373231773667029,Core
6.637649619151251,Non core
3.5942028985507246,Core
6.202898550724638,Non core
2.414486921529175,Core
3.6217303822937623,Non core
3.956343792633015,Core
9.140518417462484,Non core
3.718459495351926,Core
10.092961487383798,Non core
2.4539877300613497,Core
4.4989775051124745,Non core
5.022488755622189,Core
7.571214392803598,Non core
3.761348897535668,Core
8.430609597924773,Non core
2.978235967926689,Core
4.810996563573884,Non core
3.074141048824593,Core
1.62748643761302,Non core
5.028462998102467,Core
8.064516129032258,Non core
2.0689655172413794,Core
4.827586206896552,Non core
2.3510971786833856,Core
3.918495297805643,Non core
1.9047619047619049,Core
2.2857142857142856,Non core
3.984962406015038,Core
8.646616541353383,Non core
1.48619957537155,Core
1.2738853503184715,Non core
4.442771084337349,Core
7.680722891566265,Non core
4.3893129770992365,Core
8.269720101781171,Non core
3.777657852131679,Core
7.231516459794927,Non core
6.424344885883347,Core
7.776838546069316,Non core
5.157401205626256,Core
8.238446081714669,Non core
5.572065378900446,Core
6.315007429420505,Non core
5.5762081784386615,Core
9.913258983890955,Non core
1.2658227848101269,Core
1.0548523206751057,Non core
2.976190476190476,Core
7.738095238095238,Non core
6.122448979591836,Core
11.791383219954648,Non core
3.4700315457413247,Core
3.4700315457413247,Non core
6.323185011709602,Core
13.583138173302109,Non core
3.0729833546734957,Core
5.633802816901409,Non core
3.4329307056579785,Core
6.675143038779402,Non core
3.903903903903904,Core
5.7057057057057055,Non core
4.09556313993174,Core
9.726962457337883,Non core
4.333333333333334,Core
11.5,Non core
2.0895522388059704,Core
5.6716417910447765,Non core
4.682274247491638,Core
7.357859531772576,Non core
3.397027600849257,Core
7.572540693559802,Non core
2.6874115983026874,Core
7.496463932107495,Non core
2.010050251256281,Core
2.763819095477387,Non core
4.074889867841409,Core
9.361233480176212,Non core
2.481389578163772,Core
11.166253101736972,Non core
2.494802494802495,Core
4.781704781704782,Non core
1.6574585635359116,Core
4.696132596685083,Non core
3.642384105960265,Core
6.95364238410596,Non core
2.941176470588235,Core
2.287581699346405,Non core
3.5383319292333613,Core
8.256107834877843,Non core
4.080221300138312,Core
7.192254495159059,Non core
3.094555873925501,Core
5.501432664756447,Non core
5.503731343283582,Core
5.410447761194029,Non core
4.086021505376344,Core
5.663082437275985,Non core
4.867986798679868,Core
6.023102310231023,Non core
5.481481481481482,Core
8.592592592592592,Non core
1.929260450160772,Core
1.929260450160772,Non core
3.68271954674221,Core
8.498583569405099,Non core
5.88235294117647,Core
3.7815126050420167,Non core
5.9620596205962055,Core
11.653116531165312,Non core
2.801120448179272,Core
5.182072829131653,Non core
2.5128865979381443,Core
4.059278350515464,Non core
4.669260700389105,Core
7.003891050583658,Non core
4.990403071017274,Core
8.061420345489443,Non core
5.827067669172932,Core
10.150375939849624,Non core
3.041825095057034,Core
4.562737642585551,Non core
3.4393809114359417,Core
5.073086844368014,Non core
2.902757619738752,Core
5.2249637155297535,Non core
2.293577981651376,Core
4.892966360856269,Non core
2.8125,Core
3.125,Non core
3.4682080924855487,Core
6.589595375722543,Non core
1.9886363636363635,Core
5.965909090909091,Non core
2.2004889975550124,Core
4.88997555012225,Non core
1.3559322033898304,Core
2.711864406779661,Non core
3.267411865864144,Core
4.901117798796217,Non core
3.0172413793103448,Core
2.155172413793104,Non core
3.781882145998241,Core
6.068601583113456,Non core
3.036723163841808,Core
5.084745762711865,Non core
2.753368482718219,Core
3.690685413005272,Non core
5.11307767944936,Core
4.129793510324483,Non core
3.695491500369549,Core
3.695491500369549,Non core
4.020530367835757,Core
4.277159965782721,Non core
5.400981996726677,Core
7.855973813420622,Non core
2.9787234042553195,Core
1.276595744680851,Non core
3.900709219858156,Core
8.865248226950355,Non core
5.701754385964912,Core
5.263157894736842,Non core
1.5706806282722512,Core
1.3961605584642234,Non core
1.2465373961218835,Core
0.7617728531855956,Non core
5.208333333333334,Core
5.208333333333334,Non core
2.313624678663239,Core
2.570694087403599,Non core
3.6674816625916873,Core
2.93398533007335,Non core
5.617977528089887,Core
8.98876404494382,Non core
1.7142857142857144,Core
1.238095238095238,Non core
1.0132501948558068,Core
1.0132501948558068,Non core
1.3861386138613865,Core
1.5841584158415842,Non core
3.4246575342465757,Core
4.794520547945205,Non core
2.2911051212938007,Core
1.6172506738544474,Non core
2.1505376344086025,Core
4.838709677419355,Non core
1.639344262295082,Core
3.6885245901639343,Non core
0.8264462809917356,Core
3.3057851239669422,Non core
1.4258555133079849,Core
0.9505703422053232,Non core
8.928571428571429,Core
3.571428571428571,Non core
1.3397129186602872,Core
0.8612440191387559,Non core
1.3646702047005308,Core
0.9855951478392722,Non core
1.1214953271028036,Core
0.809968847352025,Non core
2.229654403567447,Core
1.4492753623188406,Non core
1.529790660225443,Core
0.8856682769726247,Non core
1.800947867298578,Core
1.042654028436019,Non core
2.2587268993839835,Core
2.6694045174537986,Non core
3.333333333333333,Core
3.333333333333333,Non core
6.666666666666667,Core
7.5,Non core
2.4113475177304964,Core
5.815602836879433,Non core
2.34375,Core
4.817708333333334,Non core
3.9525691699604746,Core
6.324110671936759,Non core
4.313725490196078,Core
9.607843137254903,Non core
4.716981132075472,Core
10.18867924528302,Non core
1.953125,Core
5.46875,Non core
3.852889667250438,Core
5.954465849387041,Non core
2.6373626373626373,Core
5.934065934065933,Non core
2.1739130434782608,Core
5.434782608695652,Non core
2.893890675241157,Core
3.536977491961415,Non core
3.795966785290629,Core
8.185053380782918,Non core
2.6548672566371683,Core
7.079646017699115,Non core
2.5,Core
5.0,Non core
0.6993006993006993,Core
3.8461538461538463,Non core
3.217391304347826,Core
5.478260869565217,Non core
4.072398190045249,Core
2.7149321266968327,Non core
3.491495076096687,Core
7.609668755595345,Non core
3.0064423765211163,Core
6.012884753042233,Non core
2.2954679223072394,Core
4.178928781636257,Non core
4.604604604604605,Core
5.805805805805806,Non core
3.2113517550410755,Core
4.705003734129948,Non core
3.7037037037037033,Core
4.651162790697675,Non core
5.245346869712352,Core
10.490693739424705,Non core
2.666666666666667,Core
2.666666666666667,Non core
4.411764705882353,Core
9.558823529411764,Non core
5.434140578854105,Core
11.695215593620793,Non core
1.353637901861252,Core
2.8764805414551606,Non core
4.854368932038835,Core
6.553398058252427,Non core
3.504672897196261,Core
7.009345794392523,Non core
1.3605442176870748,Core
2.7210884353741496,Non core
5.781584582441114,Core
7.780157030692362,Non core
4.4471896232242125,Core
7.906114885731934,Non core
2.47167868177137,Core
3.604531410916581,Non core
2.803738317757009,Core
1.2461059190031152,Non core
4.097646033129904,Core
7.585004359197908,Non core
1.183431952662722,Core
3.698224852071006,Non core
2.6499302649930265,Core
4.323570432357044,Non core
1.1308562197092082,Core
1.615508885298869,Non core
5.150214592274678,Core
8.369098712446352,Non core
0.88339222614841,Core
0.3533568904593639,Non core
4.70756062767475,Core
7.845934379457916,Non core
5.7571964956195245,Core
10.638297872340424,Non core
5.375199574241618,Core
8.83448642895157,Non core
7.097791798107256,Core
6.466876971608833,Non core
6.961613532856213,Core
8.978529603122967,Non core
6.930693069306932,Core
5.86987270155587,Non core
4.809843400447427,Core
9.395973154362416,Non core
0.7042253521126761,Core
0.352112676056338,Non core
2.124183006535948,Core
3.594771241830065,Non core
1.1675824175824177,Core
1.7857142857142856,Non core
4.4895448954489545,Core
6.273062730627306,Non core
3.3593281343731256,Core
6.35872825434913,Non core
1.3085399449035813,Core
1.6528925619834711,Non core
10.64044377206253,Core
14.120020171457387,Non core
9.203296703296704,Core
14.514652014652016,Non core
3.589743589743589,Core
5.413105413105413,Non core
2.610441767068273,Core
1.2048192771084338,Non core
5.676392572944297,Core
9.124668435013264,Non core
0.7884362680683311,Core
3.8107752956636007,Non core
2.0671834625323,Core
4.521963824289406,Non core
1.6227180527383367,Core
1.0818120351588911,Non core
8.826429980276135,Core
12.96844181459566,Non core
0.6245662734212353,Core
0.4163775156141568,Non core
7.057701478302336,Core
10.300429184549357,Non core
11.03804603100047,Core
17.80178487552842,Non core
12.397447584320876,Core
25.660893345487697,Non core
12.713675213675211,Core
11.378205128205128,Non core
12.677435144395496,Core
17.76798825256975,Non core
12.38716148445336,Core
11.885656970912738,Non core
6.090133982947625,Core
9.866017052375152,Non core
0.5544005544005544,Core
0.4158004158004158,Non core
1.706484641638225,Core
2.7303754266211606,Non core
2.9629629629629632,Core
4.197530864197531,Non core
3.058823529411765,Core
5.647058823529412,Non core
5.217391304347826,Core
6.086956521739131,Non core
1.5902712815715625,Core
1.9644527595884005,Non core
1.0861132660977502,Core
2.482544608223429,Non core
1.3358778625954195,Core
2.862595419847328,Non core
2.857142857142857,Core
2.2857142857142856,Non core
1.5810276679841897,Core
3.4255599472990776,Non core
3.3653846153846154,Core
4.807692307692308,Non core
1.8796992481203008,Core
4.511278195488721,Non core
0.6756756756756757,Core
2.027027027027027,Non core
1.50093808630394,Core
1.9699812382739208,Non core
8.974358974358974,Core
5.128205128205128,Non core
1.4272121788772598,Core
2.664129400570885,Non core
1.2743628185907043,Core
1.8740629685157424,Non core
1.1090573012939002,Core
1.2939001848428835,Non core
2.169197396963124,Core
1.5184381778741864,Non core
1.3417521704814523,Core
1.1049723756906076,Non core
1.7641597028783658,Core
1.392757660167131,Non core
2.788844621513944,Core
4.183266932270916,Non core
4.761904761904762,Core
2.380952380952381,Non core
5.633802816901409,Core
9.15492957746479,Non core
5.376344086021505,Core
11.981566820276496,Non core
2.2222222222222223,Core
3.950617283950617,Non core
6.193969030154849,Core
8.638956805215974,Non core
5.244996549344375,Core
7.729468599033816,Non core
2.8205128205128207,Core
5.897435897435897,Non core
3.4934497816593884,Core
2.6200873362445414,Non core
5.128205128205128,Core
7.58974358974359,Non core
1.8329938900203664,Core
5.4989816700611,Non core
3.3271719038817005,Core
4.805914972273567,Non core
1.366742596810934,Core
2.050113895216401,Non core
4.876099120703437,Core
7.434052757793765,Non core
1.5873015873015872,Core
1.851851851851852,Non core
5.742411812961444,Core
8.777686628383922,Non core
4.6,Core
7.2666666666666675,Non core
5.45144804088586,Core
6.076093128904032,Non core
8.723599632690542,Core
6.795224977043159,Non core
6.766381766381767,Core
7.193732193732194,Non core
7.3836276083467105,Core
6.019261637239166,Non core
5.518169582772544,Core
7.402422611036339,Non core
1.0443864229765014,Core
1.3054830287206265,Non core
3.597122302158273,Core
7.913669064748201,Non core
1.8561484918793505,Core
4.408352668213457,Non core
4.399057344854674,Core
8.483896307934014,Non core
3.420523138832998,Core
8.249496981891348,Non core
1.71990171990172,Core
5.896805896805897,Non core
1.6194331983805668,Core
2.42914979757085,Non core
3.939393939393939,Core
9.8989898989899,Non core
1.5533980582524272,Core
6.213592233009709,Non core
2.097902097902098,Core
5.06993006993007,Non core
0.6423982869379015,Core
2.569593147751606,Non core
3.491078355314197,Core
7.6803723816912335,Non core
1.98019801980198,Core
1.7326732673267329,Non core
4.462151394422311,Core
9.00398406374502,Non core
3.7760416666666665,Core
7.291666666666667,Non core
3.9226519337016574,Core
6.132596685082873,Non core
6.514084507042253,Core
6.690140845070422,Non core
5.06155950752394,Core
6.292749658002736,Non core
5.611847233047545,Core
6.703039750584567,Non core
4.842931937172775,Core
8.638743455497382,Non core
1.2195121951219512,Core
1.2195121951219512,Non core
3.3936651583710407,Core
8.144796380090497,Non core
1.8921475875118257,Core
2.459791863765374,Non core
1.1609907120743037,Core
1.8575851393188851,Non core
1.5267175572519085,Core
1.9083969465648856,Non core
4.819277108433735,Core
3.614457831325301,Non core
2.2339027595269383,Core
1.971090670170828,Non core
1.4423076923076923,Core
4.807692307692308,Non core
4.8582995951417,Core
8.097165991902834,Non core
1.3986013986013983,Core
2.097902097902098,Non core
1.4097744360902256,Core
1.8796992481203008,Non core
6.578947368421052,Core
5.263157894736842,Non core
1.229895931882687,Core
1.8921475875118257,Non core
1.5813253012048192,Core
1.7319277108433735,Non core
1.30272952853598,Core
1.5508684863523574,Non core
2.5330396475770924,Core
2.312775330396476,Non core
1.596169193934557,Core
1.675977653631285,Non core
2.2535211267605635,Core
1.6901408450704225,Non core
2.788844621513944,Core
3.386454183266932,Non core
2.409638554216868,Core
1.2048192771084338,Non core
3.5211267605633805,Core
8.450704225352112,Non core
10.372340425531917,Core
12.5,Non core
3.7642045454545454,Core
4.261363636363636,Non core
4.220183486238533,Core
2.1100917431192663,Non core
8.232118758434549,Core
11.336032388663968,Non core
1.3111888111888113,Core
3.583916083916084,Non core
2.533783783783784,Core
3.716216216216216,Non core
1.6483516483516485,Core
1.5567765567765568,Non core
9.95899238429994,Core
11.775043936731109,Non core
1.1483253588516746,Core
0.6698564593301436,Non core
8.906882591093117,Core
10.757663389242335,Non core
12.663755458515285,Core
15.66593886462882,Non core
11.965401249399326,Core
14.752522825564633,Non core
16.889185580774367,Core
12.016021361815756,Non core
14.012380416432189,Core
13.89983117613956,Non core
15.393939393939393,Core
11.030303030303031,Non core
7.941403238242096,Core
8.635312259059367,Non core
0.7619047619047619,Core
0.6666666666666667,Non core
1.9462465245597775,Core
3.5217794253938832,Non core
3.2736256948733784,Core
4.756022235948116,Non core
3.751914241960184,Core
2.4502297090352223,Non core
6.591448931116389,Core
12.173396674584325,Non core
0.7994186046511629,Core
2.979651162790698,Non core
2.1291696238467,Core
3.33569907735983,Non core
1.283987915407855,Core
1.0574018126888218,Non core
11.104651162790695,Core
22.96511627906977,Non core
0.9441384736428008,Core
0.7081038552321007,Non core
8.275120902740463,Core
15.153143471252015,Non core
9.732824427480915,Core
13.311068702290076,Non core
10.332749562171628,Core
15.105078809106832,Non core
12.854661262304573,Core
12.159814707585408,Non core
11.45,Core
13.6,Non core
12.140575079872203,Core
11.075612353567625,Non core
6.072607260726072,Core
8.778877887788779,Non core
0.6264682850430697,Core
0.6264682850430697,Non core
1.2232415902140672,Core
3.211009174311927,Non core
2.4390243902439024,Core
1.7421602787456445,Non core
3.4358047016274864,Core
6.057866184448463,Non core
1.65016501650165,Core
3.7953795379537953,Non core
2.5835866261398177,Core
3.343465045592705,Non core
5.753968253968254,Core
6.547619047619048,Non core
2.9661016949152543,Core
4.166666666666666,Non core
1.639344262295082,Core
1.4344262295081966,Non core
2.658045977011494,Core
5.675287356321839,Non core
3.5628019323671496,Core
4.528985507246377,Non core
3.423236514522822,Core
4.253112033195021,Non core
5.007949125596185,Core
3.8950715421303657,Non core
3.7735849056603774,Core
3.89937106918239,Non core
4.461756373937677,Core
3.5410764872521248,Non core
3.3821871476888385,Core
3.8331454340473514,Non core
1.4227642276422765,Core
1.016260162601626,Non core
1.4492753623188406,Core
3.0797101449275366,Non core
6.127770534550195,Core
4.563233376792699,Non core
1.9230769230769231,Core
4.615384615384616,Non core
3.481012658227848,Core
2.5316455696202533,Non core
3.6458333333333335,Core
2.604166666666667,Non core
3.751143641354071,Core
1.9213174748398905,Non core
3.731343283582089,Core
1.4925373134328357,Non core
3.885291396854764,Core
2.127659574468085,Non core
3.6002939015429827,Core
1.322556943423953,Non core
2.4788391777509067,Core
1.1487303506650544,Non core
6.142241379310344,Core
2.478448275862069,Non core
3.98749022673964,Core
1.5637216575449568,Non core
4.367606915377617,Core
1.4558689717925388,Non core
3.237410071942446,Core
2.697841726618705,Non core
2.2058823529411766,Core
2.2058823529411766,Non core
1.96078431372549,Core
3.431372549019608,Non core
1.78359096313912,Core
4.04280618311534,Non core
3.0474040632054176,Core
3.950338600451468,Non core
1.9011406844106464,Core
1.6476552598225602,Non core
6.6006600660066,Core
10.0990099009901,Non core
1.0825439783491204,Core
0.9472259810554804,Non core
6.9058903182125935,Core
12.186865267433989,Non core
7.142857142857142,Core
10.426267281105993,Non core
6.126482213438735,Core
8.843873517786562,Non core
10.316875460574796,Core
9.137803979366248,Non core
7.968843618933493,Core
9.646494907130018,Non core
9.435215946843854,Core
8.571428571428571,Non core
6.321839080459771,Core
8.812260536398467,Non core
0.9433962264150944,Core
0.8086253369272237,Non core
2.187902187902188,Core
4.375804375804376,Non core
1.4084507042253522,Core
4.507042253521127,Non core
0.0,Core
3.375527426160337,Non core
1.1353711790393013,Core
3.318777292576419,Non core
1.7142857142857144,Core
2.2857142857142856,Non core
0.8795074758135445,Core
3.518029903254178,Non core
1.1396011396011396,Core
3.49002849002849,Non core
0.7660577489687684,Core
2.651738361814968,Non core
1.2935323383084576,Core
3.084577114427861,Non core
0.8190618019359642,Core
2.7550260610573343,Non core
1.2184508268059182,Core
3.5683202785030463,Non core
1.6835016835016834,Core
4.377104377104377,Non core
2.857142857142857,Core
1.7142857142857144,Non core
3.4482758620689653,Core
6.896551724137931,Non core
2.0689655172413794,Core
2.413793103448276,Non core
2.023608768971332,Core
3.709949409780776,Non core
1.293103448275862,Core
2.155172413793104,Non core
2.201524132091448,Core
3.2176121930567314,Non core
2.294853963838665,Core
3.894297635605007,Non core
2.1114369501466275,Core
4.222873900293255,Non core
2.8846153846153846,Core
3.5576923076923075,Non core
2.363367799113737,Core
4.65288035450517,Non core
3.043110735418428,Core
3.634826711749789,Non core
3.4865293185419968,Core
5.54675118858954,Non core
1.2658227848101269,Core
0.4219409282700421,Non core
2.413793103448276,Core
5.862068965517241,Non core
1.374885426214482,Core
1.5582034830430798,Non core
0.9345794392523364,Core
0.9345794392523364,Non core
1.4842300556586272,Core
1.855287569573284,Non core
1.6272189349112427,Core
1.6272189349112427,Non core
1.466992665036675,Core
1.3447432762836184,Non core
2.454642475987193,Core
1.7075773745997866,Non core
1.805337519623234,Core
1.6483516483516485,Non core
2.203856749311295,Core
1.6528925619834711,Non core
1.858736059479554,Core
1.6728624535315983,Non core
0.9259259259259258,Core
0.9259259259259258,Non core
0.0,Core
3.389830508474576,Non core
1.0546500479386385,Core
0.5752636625119847,Non core
8.180201541197391,Core
14.226437462951983,Non core
9.138110072689512,Core
12.72066458982347,Non core
9.548447789275636,Core
14.299153339604892,Non core
12.782440284054228,Core
11.620400258231117,Non core
11.007667031763416,Core
13.253012048192772,Non core
12.462552426602755,Core
12.282804074295989,Non core
6.529992406985572,Core
7.972665148063782,Non core
0.5719733079122974,Core
0.5719733079122974,Non core
1.855287569573284,Core
3.339517625231911,Non core
1.0638297872340423,Core
0.5802707930367506,Non core
1.068702290076336,Core
0.6870229007633588,Non core
0.6870705808869456,Core
0.4372267332916926,Non core
1.5712682379349048,Core
0.8978675645342313,Non core
0.9700889248181084,Core
0.4850444624090542,Non core
1.334604385128694,Core
0.4766444232602478,Non core
1.875,Core
1.0416666666666663,Non core
2.272727272727273,Core
4.545454545454546,Non core
4.545454545454546,Core
4.545454545454546,Non core
8.666666666666668,Core
11.23076923076923,Non core
7.747424988804299,Core
9.762651141961488,Non core
12.128869235628551,Core
9.033480732785849,Non core
10.363247863247864,Core
10.363247863247864,Non core
11.486880466472304,Core
9.387755102040815,Non core
6.150341685649203,Core
7.668944570994684,Non core
0.7714561234329798,Core
0.6750241080038573,Non core
1.585820895522388,Core
3.3582089552238807,Non core
12.306289881494989,Core
20.14585232452142,Non core
16.09467455621302,Core
14.082840236686389,Non core
15.56379036527263,Core
19.00476442562202,Non core
15.630159603742433,Core
13.979086406164006,Non core
7.133421400264201,Core
10.501981505944515,Non core
0.683371298405467,Core
0.6074411541381929,Non core
1.7937219730941705,Core
3.363228699551569,Non core
14.841351074718526,Core
12.384851586489251,Non core
15.689149560117302,Core
22.53176930596285,Non core
14.681575109382598,Core
13.709285367039378,Non core
6.476828587381352,Core
8.93355667225014,Non core
0.3733665214685749,Core
0.4355942750466708,Non core
1.4742014742014742,Core
2.5184275184275187,Non core
20.638020833333336,Core
17.513020833333336,Non core
24.50765864332604,Core
16.630196936542667,Non core
10.008628127696287,Core
7.420189818809318,Non core
1.226309921962096,Core
0.6688963210702341,Non core
2.577873254564984,Core
3.4371643394199785,Non core
21.010962241169302,Core
17.661388550548114,Non core
8.09688581314879,Core
9.757785467128029,Non core
0.5627009646302251,Core
0.4019292604501607,Non core
1.895734597156398,Core
3.080568720379147,Non core
8.796296296296296,Core
8.179012345679013,Non core
0.7575757575757576,Core
0.4734848484848485,Non core
2.308402585410896,Core
3.139427516158818,Non core
1.2422360248447204,Core
1.2422360248447204,Non core
3.0828516377649327,Core
6.358381502890173,Non core
2.564102564102564,Core
0.8547008547008548,Non core
