developer,intersect_dev
Core,2.605091770278271
Non core,3.5523978685612785
Core,7.258064516129033
Non core,12.903225806451612
Core,1.6314199395770397
Non core,1.7522658610271902
Core,4.528301886792453
Non core,8.194070080862534
Core,8.116735066119471
Non core,22.617419060647517
Core,3.969957081545064
Non core,8.690987124463518
Core,8.395989974937343
Non core,19.21470342522974
Core,3.33889816360601
Non core,6.121313299944352
Core,3.65990990990991
Non core,7.657657657657657
Core,8.04480651731161
Non core,18.482688391038696
Core,1.7868145409735057
Non core,1.6635859519408502
Core,8.017334777898158
Non core,20.043336944745395
Core,4.379977246871445
Non core,6.996587030716723
Core,6.720160481444333
Non core,13.7913741223671
Core,3.391812865497076
Non core,4.152046783625731
Core,3.7895927601809953
Non core,5.542986425339366
Core,3.8372093023255816
Non core,5.348837209302325
Core,2.113526570048309
Non core,3.5024154589371985
Core,2.5285972305839857
Non core,4.695966285370258
Core,4.037610619469026
Non core,6.415929203539823
Core,4.110360360360361
Non core,6.644144144144144
Core,4.252937884722999
Non core,7.10688304420817
Core,1.931200965600483
Non core,3.379601689800845
Core,2.9983342587451416
Non core,5.941143808995003
Core,2.3423423423423424
Non core,3.123123123123123
Core,2.54287403903016
Non core,4.021289178001183
Core,1.8983466013472137
Non core,1.9595835884874464
Core,6.022340942204954
Non core,13.355998057309373
Core,0.0612745098039215
Non core,0.2450980392156862
Core,5.135284373274434
Non core,11.54058531198233
Core,2.549889135254989
Non core,4.1019955654102
Core,3.048065650644783
Non core,5.4513481828839385
Core,1.887905604719764
Non core,3.1268436578171093
Core,0.49109883364027
Non core,0.798035604665439
Core,2.378121284185493
Non core,3.804994054696789
Core,3.6937901498929335
Non core,5.942184154175589
Core,8.53966649823143
Non core,15.361293582617485
Core,0.9140767824497258
Non core,1.218769043266301
Core,2.485549132947977
Non core,3.1791907514450863
Core,2.430751837196156
Non core,3.278688524590164
Core,1.16421568627451
Non core,0.4901960784313725
Core,8.207452165156093
Non core,10.725075528700906
Core,6.0546875
Non core,8.69140625
Core,1.6939890710382512
Non core,1.8032786885245904
Core,1.72209026128266
Non core,0.8907363420427553
Core,3.825717321997875
Non core,5.154091392136025
Core,0.8144269924374636
Non core,5.177428737638161
Core,0.93841642228739
Non core,3.401759530791789
Core,0.794135613927917
Non core,0.4276114844227244
Core,4.714142427281845
Non core,6.318956870611836
Core,0.3703703703703704
Non core,0.6172839506172839
Core,5.032067094227923
Non core,6.758756783423779
Core,9.49748743718593
Non core,16.381909547738694
Core,10.16949152542373
Non core,15.980629539951574
Core,9.83425414364641
Non core,4.696132596685083
Core,9.665621734587251
Non core,9.717868338557992
Core,9.478935698447891
Non core,4.767184035476718
Core,3.997682502896872
Non core,7.184241019698725
Core,0.3674219228413962
Non core,0.4286589099816289
Core,1.812688821752266
Non core,2.114803625377644
Core,4.018912529550828
Non core,7.210401891252956
Core,6.837606837606838
Non core,7.6923076923076925
Core,4.444444444444445
Non core,6.3247863247863245
Core,2.9456193353474323
Non core,4.607250755287009
Core,5.565217391304348
Non core,8.695652173913043
Core,2.5879230258792303
Non core,4.37956204379562
Core,5.701754385964912
Non core,9.210526315789473
Core,5.603448275862069
Non core,9.482758620689657
Core,3.4482758620689653
Non core,5.433646812957157
Core,5.092592592592593
Non core,4.166666666666666
Core,3.6556603773584895
Non core,4.952830188679245
Core,5.777777777777778
Non core,8.666666666666668
Core,4.685714285714285
Non core,5.0285714285714285
Core,10.0
Non core,13.750000000000002
Core,7.177033492822966
Non core,10.047846889952153
Core,6.830601092896176
Non core,12.021857923497269
Core,7.0588235294117645
Non core,12.941176470588236
Core,7.142857142857142
Non core,7.82312925170068
Core,7.249466950959488
Non core,10.874200426439232
Core,6.3457330415754925
Non core,8.315098468271334
Core,6.237006237006238
Non core,7.484407484407485
Core,7.874015748031496
Non core,11.023622047244094
Core,6.726457399103139
Non core,9.641255605381168
Core,7.6923076923076925
Non core,12.692307692307692
Core,8.108108108108109
Non core,13.175675675675674
Core,6.306306306306306
Non core,7.657657657657657
Core,2.398331595411887
Non core,3.441084462982273
Core,0.0
Non core,0.0
Core,4.383116883116883
Non core,4.383116883116883
Core,5.188679245283019
Non core,8.254716981132075
Core,9.509202453987731
Non core,15.644171779141104
Core,8.0
Non core,14.545454545454543
Core,3.1413612565445024
Non core,5.235602094240837
Core,6.206896551724138
Non core,12.06896551724138
Core,3.79746835443038
Non core,5.605786618444846
Core,4.211663066954643
Non core,4.751619870410368
Core,3.3175355450236967
Non core,7.109004739336493
Core,6.363636363636363
Non core,10.303030303030305
Core,5.149051490514905
Non core,10.569105691056912
Core,7.142857142857142
Non core,3.061224489795918
Core,4.311377245508982
Non core,5.748502994011976
Core,3.2490974729241877
Non core,5.896510228640193
Core,1.643192488262911
Non core,4.225352112676056
Core,4.104477611940299
Non core,2.238805970149253
Core,3.963963963963964
Non core,5.585585585585585
Core,2.272727272727273
Non core,5.3977272727272725
Core,2.507836990595611
Non core,2.8213166144200628
Core,0.4716981132075472
Non core,0.4716981132075472
Core,2.7739251040221915
Non core,4.160887656033287
Core,2.808988764044944
Non core,5.617977528089887
Core,3.3156498673740056
Non core,5.835543766578249
Core,3.60082304526749
Non core,5.658436213991769
Core,3.604436229205176
Non core,3.789279112754159
Core,5.739130434782608
Non core,3.826086956521739
Core,4.475703324808184
Non core,3.1969309462915603
Core,6.1946902654867255
Non core,3.185840707964602
Core,6.235011990407674
Non core,7.913669064748201
Core,1.5151515151515151
Non core,1.0101010101010102
Core,5.349794238683128
Non core,8.641975308641975
Core,2.599009900990099
Non core,3.7128712871287126
Core,5.7407407407407405
Non core,8.981481481481483
Core,5.872093023255814
Non core,11.27906976744186
Core,5.887939221272555
Non core,12.630579297245964
Core,6.764069264069264
Non core,12.445887445887449
Core,5.030800821355236
Non core,9.44558521560575
Core,5.993690851735016
Non core,12.302839116719245
Core,7.579102281089035
Non core,12.582781456953644
Core,2.926208651399491
Non core,2.2900763358778624
Core,7.086614173228346
Non core,11.968503937007874
Core,6.050955414012739
Non core,11.358811040339702
Core,7.410296411856475
Non core,13.57254290171607
Core,5.0691244239631335
Non core,8.640552995391705
Core,6.406080347448426
Non core,10.966340933767643
Core,6.235827664399093
Non core,10.090702947845804
Core,3.4482758620689653
Non core,7.0197044334975365
Core,4.156769596199525
Non core,6.175771971496437
Core,6.591143151390319
Non core,11.328527291452112
Core,6.60377358490566
Non core,10.272536687631026
Core,6.639427987742594
Non core,9.601634320735444
Core,3.5452322738386304
Non core,5.623471882640587
Core,4.895833333333333
Non core,10.729166666666666
Core,4.146341463414634
Non core,6.097560975609756
Core,4.648390941597139
Non core,8.581644815256258
Core,3.1645569620253164
Non core,3.670886075949367
Core,5.738880918220947
Non core,9.469153515064562
Core,0.1275510204081632
Non core,0.0
Core,5.69620253164557
Non core,8.318264014466546
Core,4.707112970711297
Non core,7.426778242677824
Core,5.44611819235226
Non core,10.312862108922364
Core,3.699284009546539
Non core,7.040572792362769
Core,0.7712082262210797
Non core,1.7994858611825193
Core,4.436450839328537
Non core,7.553956834532374
Core,4.307116104868914
Non core,7.677902621722846
Core,7.703595011005136
Non core,9.684519442406456
Core,2.1711366538952745
Non core,3.065134099616858
Core,3.859250851305335
Non core,6.9239500567536885
Core,4.366812227074235
Non core,6.768558951965066
Core,2.176696542893726
Non core,1.1523687580025608
Core,9.054805401111992
Non core,10.881652104845116
Core,7.822580645161291
Non core,12.983870967741936
Core,1.9289340101522845
Non core,3.857868020304569
Core,3.489771359807461
Non core,1.9253910950661852
Core,4.788732394366197
Non core,7.793427230046948
Core,1.3114754098360657
Non core,4.699453551912568
Core,1.3437849944008955
Non core,2.463605823068309
Core,1.0075566750629723
Non core,0.3778337531486146
Core,5.921601334445372
Non core,7.673060884070058
Core,0.7832898172323759
Non core,1.5665796344647518
Core,6.419753086419753
Non core,9.958847736625517
Core,8.455882352941178
Non core,13.088235294117649
Core,9.004092769440655
Non core,10.572987721691678
Core,11.132437619961612
Non core,6.046065259117082
Core,9.9009900990099
Non core,8.333333333333332
Core,10.239234449760763
Non core,5.454545454545454
Core,5.100956429330499
Non core,8.289054197662061
Core,0.7692307692307693
Non core,1.0256410256410255
Core,2.9887920298879203
Non core,5.1058530510585305
Core,1.858736059479554
Non core,3.3457249070631967
Core,1.4660493827160492
Non core,2.083333333333333
Core,2.621722846441948
Non core,5.056179775280898
Core,1.1502029769959403
Non core,2.3680649526387008
Core,3.4229828850855744
Non core,4.645476772616137
Core,2.631578947368421
Non core,5.502392344497608
Core,1.7410228509249184
Non core,2.720348204570185
Core,8.823529411764707
Non core,4.411764705882353
Core,2.386934673366834
Non core,3.015075376884422
Core,3.258145363408521
Non core,5.263157894736842
Core,1.7878426698450536
Non core,2.860548271752086
Core,5.673758865248227
Non core,5.673758865248227
Core,4.336043360433604
Non core,6.233062330623306
Core,3.987730061349693
Non core,4.294478527607362
Core,5.699481865284974
Non core,10.362694300518134
Core,4.824561403508771
Non core,7.456140350877193
Core,3.4013605442176877
Non core,3.6281179138322
Core,3.902439024390244
Non core,3.902439024390244
Core,2.995391705069124
Non core,4.147465437788019
Core,6.382978723404255
Non core,10.638297872340424
Core,3.4653465346534658
Non core,4.702970297029703
Core,5.853658536585367
Non core,6.829268292682928
Core,4.958677685950414
Non core,9.50413223140496
Core,5.263157894736842
Non core,7.236842105263158
Core,1.0964912280701753
Non core,1.2061403508771928
Core,0.0
Non core,0.9009009009009008
Core,1.96078431372549
Non core,2.8520499108734403
Core,3.234501347708895
Non core,4.31266846361186
Core,6.643356643356643
Non core,7.3426573426573425
Core,5.405405405405405
Non core,9.45945945945946
Core,4.464285714285714
Non core,7.142857142857142
Core,5.263157894736842
Non core,9.210526315789473
Core,1.7892644135188869
Non core,2.1868787276341948
Core,2.359550561797753
Non core,1.7977528089887642
Core,6.153846153846154
Non core,10.0
Core,5.204460966542751
Non core,7.434944237918216
Core,3.1055900621118013
Non core,4.037267080745342
Core,6.504065040650407
Non core,2.4390243902439024
Core,2.515723270440252
Non core,2.767295597484277
Core,1.7902813299232736
Non core,3.70843989769821
Core,1.7241379310344829
Non core,4.310344827586207
Core,4.25531914893617
Non core,3.723404255319149
Core,2.0120724346076457
Non core,3.8229376257545273
Core,2.909090909090909
Non core,5.090909090909091
Core,2.479338842975207
Non core,2.479338842975207
Core,1.550387596899225
Non core,0.7751937984496124
Core,1.6666666666666667
Non core,2.727272727272727
Core,5.05050505050505
Non core,7.07070707070707
Core,1.6973125884016973
Non core,3.111739745403112
Core,2.267818574514039
Non core,3.563714902807776
Core,1.932367149758454
Non core,2.415458937198068
Core,4.911591355599214
Non core,2.75049115913556
Core,2.1828103683492497
Non core,1.5006821282401093
Core,4.356435643564356
Non core,1.782178217821782
Core,3.899721448467967
Non core,5.8495821727019495
Core,4.545454545454546
Non core,5.454545454545454
Core,5.325443786982249
Non core,10.059171597633137
Core,4.8569527611443775
Non core,9.713905522288757
Core,4.963680387409201
Non core,10.653753026634384
Core,4.335090802577621
Non core,7.5571177504393665
Core,4.252400548696845
Non core,8.50480109739369
Core,5.955678670360111
Non core,9.2797783933518
Core,7.11743772241993
Non core,12.099644128113878
Core,2.935420743639922
Non core,1.5655577299412915
Core,6.997084548104956
Non core,11.467444120505345
Core,7.173601147776183
Non core,9.469153515064562
Core,6.753006475485661
Non core,9.620721554116558
Core,5.374592833876222
Non core,7.654723127035831
Core,5.97667638483965
Non core,8.892128279883382
Core,6.132075471698113
Non core,9.119496855345911
Core,4.25925925925926
Non core,7.592592592592593
Core,3.812824956672444
Non core,6.412478336221837
Core,5.033112582781457
Non core,7.81456953642384
Core,6.03085553997195
Non core,9.256661991584853
Core,6.584362139917696
Non core,9.327846364883404
Core,3.052064631956912
Non core,4.66786355475763
Core,4.2995839112343965
Non core,9.015256588072122
Core,4.496402877697841
Non core,5.39568345323741
Core,4.421768707482993
Non core,7.312925170068027
Core,3.3073929961089497
Non core,3.891050583657588
Core,4.922279792746114
Non core,8.46286701208981
Core,0.2044989775051125
Non core,0.408997955010225
Core,6.31704410011919
Non core,9.058402860548272
Core,4.56490727532097
Non core,6.562054208273895
Core,5.016181229773463
Non core,9.223300970873789
Core,3.2758620689655173
Non core,6.206896551724138
Core,1.2170385395537524
Non core,1.2170385395537524
Core,4.577464788732395
Non core,8.274647887323944
Core,4.146341463414634
Non core,5.975609756097561
Core,5.344827586206897
Non core,7.327586206896551
Core,3.4343434343434343
Non core,3.8383838383838382
Core,3.508771929824561
Non core,5.422647527910686
Core,4.420731707317073
Non core,6.097560975609756
Core,3.2586558044806515
Non core,1.4256619144602851
Core,6.350710900473934
Non core,9.004739336492891
Core,4.828226555246054
Non core,7.056638811513463
Core,1.3986013986013983
Non core,3.3566433566433567
Core,2.127659574468085
Non core,1.2411347517730498
Core,3.6057692307692304
Non core,5.288461538461538
Core,1.7133956386292832
Non core,3.738317757009345
Core,1.6474464579901154
Non core,2.800658978583196
Core,0.3968253968253968
Non core,1.1904761904761905
Core,4.383282364933741
Non core,4.587155963302752
Core,1.0460251046025104
Non core,1.6736401673640169
Core,4.317958783120707
Non core,5.691854759568204
Core,6.5420560747663545
Non core,9.005947323704333
Core,6.3962558502340086
Non core,7.48829953198128
Core,8.414634146341465
Non core,4.7560975609756095
Core,7.263681592039801
Non core,6.169154228855722
Core,8.32313341493268
Non core,3.79436964504284
Core,5.481481481481482
Non core,9.185185185185183
Core,0.6072874493927125
Non core,0.8097165991902834
Core,3.984819734345351
Non core,5.123339658444023
Core,5.077574047954866
Non core,16.99576868829337
Core,6.238779174147218
Non core,14.31777378815081
Core,3.3839779005524857
Non core,6.975138121546961
Core,4.213483146067416
Non core,8.707865168539326
Core,7.1976401179941005
Non core,17.640117994100297
Core,1.8239492466296592
Non core,2.061855670103093
Core,8.269720101781171
Non core,18.638676844783717
Core,4.751619870410368
Non core,9.64722822174226
Core,6.41399416909621
Non core,12.186588921282798
Core,3.321033210332104
Non core,5.166051660516605
Core,3.952011291460833
Non core,6.422018348623854
Core,4.050073637702504
Non core,7.069219440353461
Core,2.311248073959938
Non core,4.006163328197227
Core,2.7418126428027416
Non core,4.798172124904799
Core,4.08997955010225
Non core,6.8847989093387865
Core,4.647887323943662
Non core,7.887323943661972
Core,4.96156533892383
Non core,8.315863032844165
Core,2.248062015503876
Non core,4.418604651162791
Core,3.417015341701534
Non core,7.670850767085077
Core,2.5974025974025974
Non core,3.361344537815126
Core,3.10841546626232
Non core,5.534495830174375
Core,2.125984251968504
Non core,2.3622047244094486
Core,5.658263305322129
Non core,11.372549019607844
Core,0.0791765637371338
Non core,0.3167062549485352
Core,5.214521452145215
Non core,9.9009900990099
Core,2.624309392265193
Non core,4.765193370165746
Core,3.4866468842729974
Non core,6.454005934718101
Core,2.2539444027047333
Non core,3.756574004507888
Core,0.3952569169960474
Non core,0.8695652173913043
Core,2.5660377358490565
Non core,4.377358490566038
Core,4.026402640264026
Non core,6.798679867986798
Core,7.559145989613388
Non core,12.637045585689554
Core,1.098901098901099
Non core,1.4913657770800628
Core,2.342606149341142
Non core,4.465592972181552
Core,2.571428571428571
Non core,4.642857142857143
Core,1.584786053882726
Non core,0.6339144215530903
Core,7.11743772241993
Non core,11.091340450771057
Core,5.031446540880504
Non core,8.233276157804461
Core,1.7832647462277091
Non core,2.8120713305898493
Core,1.818181818181818
Non core,1.1363636363636365
Core,3.3744321868916285
Non core,5.775470473718364
Core,0.8759124087591241
Non core,5.182481751824818
Core,1.0294117647058822
Non core,2.647058823529412
Core,0.7081038552321007
Non core,0.6294256490952006
Core,4.387019230769231
Non core,6.490384615384616
Core,0.3993610223642172
Non core,0.7987220447284344
Core,4.705882352941177
Non core,6.88235294117647
Core,8.108108108108109
Non core,14.72110408280621
Core,7.589524318546231
Non core,11.918760021378942
Core,8.206485771012574
Non core,4.56651224354732
Core,8.116293155663234
Non core,7.934585099939431
Core,8.02139037433155
Non core,5.080213903743315
Core,3.937007874015748
Non core,7.015032211882606
Core,0.3152088258471237
Non core,0.3152088258471237
Core,2.006172839506173
Non core,2.2376543209876543
Core,4.016538688718252
Non core,9.332545776727702
Core,5.314685314685315
Non core,10.909090909090908
Core,6.976744186046512
Non core,15.261627906976743
Core,5.235602094240837
Non core,12.478184991273997
Core,3.3663366336633667
Non core,4.158415841584159
Core,5.9330143540669855
Non core,11.578947368421051
Core,6.973293768545995
Non core,14.985163204747776
Core,5.871388630009319
Non core,12.208760484622552
Core,6.543624161073826
Non core,11.409395973154362
Core,6.056129985228951
Non core,11.669128508124077
Core,6.891025641025641
Non core,12.01923076923077
Core,4.814814814814815
Non core,8.703703703703704
Core,5.178571428571429
Non core,10.0
Core,6.267029972752043
Non core,11.035422343324251
Core,7.758620689655173
Non core,11.637931034482758
Core,7.735583684950773
Non core,12.37693389592124
Core,4.036697247706423
Non core,7.706422018348624
Core,5.714285714285714
Non core,12.285714285714286
Core,5.474452554744526
Non core,7.664233576642336
Core,6.548672566371681
Non core,11.327433628318584
Core,4.940711462450593
Non core,5.731225296442688
Core,4.514480408858603
Non core,8.091993185689947
Core,0.2008032128514056
Non core,0.4016064257028112
Core,5.4245283018867925
Non core,9.787735849056604
Core,4.748201438848921
Non core,8.633093525179856
Core,7.082630691399664
Non core,13.490725126475548
Core,4.569420035149385
Non core,8.611599297012303
Core,1.2072434607645874
Non core,2.2132796780684103
Core,5.114638447971781
Non core,9.523809523809524
Core,4.305043050430505
Non core,7.872078720787208
Core,5.928509154315606
Non core,8.805579773321709
Core,2.982107355864811
Non core,4.3737574552683895
Core,4.397394136807818
Non core,8.306188925081432
Core,4.953560371517028
Non core,8.6687306501548
Core,2.589641434262948
Non core,1.593625498007968
Core,6.143667296786389
Non core,9.735349716446123
Core,5.125815470643056
Non core,8.014911463187326
Core,2.2408963585434174
Non core,3.92156862745098
Core,2.9982363315696645
Non core,1.4109347442680775
Core,4.738760631834751
Non core,6.439854191980558
Core,2.090032154340836
Non core,8.19935691318328
Core,1.4539579967689822
Non core,2.423263327948304
Core,1.5717092337917484
Non core,0.7858546168958742
Core,4.508196721311475
Non core,5.942622950819672
Core,1.026694045174538
Non core,1.642710472279261
Core,4.757185332011893
Non core,7.234886025768088
Core,5.716723549488054
Non core,11.092150170648464
Core,5.624036979969183
Non core,7.550077041602465
Core,8.543922984356197
Non core,4.21179302045728
Core,6.50485436893204
Non core,5.048543689320388
Core,6.917475728155339
Non core,5.339805825242718
Core,5.89101620029455
Non core,9.425625920471282
Core,1.0040160642570282
Non core,1.4056224899598393
Core,4.562737642585551
Non core,6.4638783269961975
Core,4.271844660194175
Non core,11.326860841423947
Core,4.467134652201659
Non core,10.146777281429484
Core,7.116303770578863
Non core,15.24163568773234
Core,1.3058419243986257
Non core,1.6494845360824744
Core,6.809445359692477
Non core,13.069741900054916
Core,4.129606099110546
Non core,8.767471410419315
Core,6.995661605206075
Non core,13.503253796095445
Core,3.2959789057350037
Non core,5.998681608437706
Core,4.2164883574575205
Non core,6.041535556954059
Core,3.961038961038961
Non core,6.233766233766234
Core,2.1031207598371777
Non core,4.274084124830393
Core,2.6899798251513114
Non core,4.909213180901143
Core,4.019488428745433
Non core,6.577344701583435
Core,4.174454828660436
Non core,7.102803738317758
Core,4.369230769230769
Non core,6.953846153846153
Core,2.0338983050847457
Non core,4.0
Core,3.1578947368421053
Non core,7.120743034055728
Core,2.4242424242424243
Non core,3.636363636363636
Core,2.71343481138319
Non core,4.56651224354732
Core,1.9283746556473829
Non core,2.4104683195592287
Core,6.0278207109737245
Non core,11.282843894899536
Core,0.0689179875947622
Non core,0.2756719503790489
Core,5.166270783847981
Non core,9.560570071258908
Core,2.6674937965260543
Non core,5.459057071960298
Core,3.0759162303664924
Non core,6.217277486910995
Core,2.1926910299003324
Non core,4.053156146179402
Core,0.4830917874396135
Non core,0.8971704623878536
Core,2.5503355704697985
Non core,5.167785234899329
Core,3.930911256700417
Non core,7.266229898749256
Core,8.240297713981924
Non core,12.493354598617756
Core,1.03021978021978
Non core,1.6483516483516485
Core,3.255813953488372
Non core,6.179401993355482
Core,3.088803088803089
Non core,5.598455598455598
Core,1.3121546961325967
Non core,0.7596685082872928
Core,8.29646017699115
Non core,12.334070796460177
Core,6.142241379310344
Non core,10.721982758620689
Core,1.5309246785058177
Non core,3.368034292712798
Core,2.275769745649264
Non core,1.2717536813922357
Core,3.94349617422013
Non core,6.121247792819305
Core,0.8458035133376708
Non core,5.920624593363696
Core,1.1111111111111112
Non core,3.333333333333333
Core,0.616860863605209
Non core,0.5483207676490748
Core,4.941699056079956
Non core,7.940033314825097
Core,0.3477051460361613
Non core,0.8344923504867872
Core,5.163043478260869
Non core,8.152173913043478
Core,8.8841882601798
Non core,14.013749338974089
Core,9.42915392456677
Non core,14.118246687054024
Core,9.32050511124474
Non core,4.449789536981359
Core,9.544950055493896
Non core,7.214206437291898
Core,8.782556026650514
Non core,5.087825560266506
Core,3.799873337555415
Non core,6.269791006966434
Core,0.4140786749482402
Non core,0.6901311249137336
Core,1.983584131326949
Non core,3.283173734610123
Core,6.666666666666667
Non core,14.358974358974358
Core,4.392523364485982
Non core,9.25233644859813
Core,3.430079155672823
Non core,4.749340369393139
Core,4.737384140061792
Non core,8.032955715756952
Core,6.8181818181818175
Non core,13.636363636363637
Core,4.747474747474747
Non core,9.7979797979798
Core,6.625258799171843
Non core,11.387163561076605
Core,5.769230769230769
Non core,10.314685314685317
Core,6.60377358490566
Non core,8.30188679245283
Core,4.952830188679245
Non core,8.254716981132075
Core,5.429864253393665
Non core,10.407239819004523
Core,5.993690851735016
Non core,8.832807570977918
Core,5.427631578947369
Non core,9.375
Core,5.910543130990416
Non core,9.26517571884984
Core,4.5893719806763285
Non core,10.38647342995169
Core,5.289256198347108
Non core,9.256198347107436
Core,5.0691244239631335
Non core,7.142857142857142
Core,6.0606060606060606
Non core,9.307359307359308
Core,4.909560723514212
Non core,5.426356589147287
Core,3.8497652582159625
Non core,7.793427230046948
Core,0.0
Non core,0.546448087431694
Core,4.774535809018567
Non core,7.161803713527852
Core,4.655172413793104
Non core,8.275862068965518
Core,6.504065040650407
Non core,11.788617886178862
Core,4.943820224719101
Non core,9.887640449438202
Core,1.643835616438356
Non core,2.73972602739726
Core,5.1454138702460845
Non core,10.51454138702461
Core,4.447632711621234
Non core,7.317073170731707
Core,5.763688760806916
Non core,7.877041306436119
Core,2.8871391076115485
Non core,3.937007874015748
Core,6.211180124223603
Non core,9.523809523809524
Core,4.905660377358491
Non core,8.49056603773585
Core,4.076086956521739
Non core,1.9021739130434785
Core,6.223628691983123
Non core,9.071729957805909
Core,4.771784232365145
Non core,7.365145228215768
Core,2.2260273972602738
Non core,4.794520547945205
Core,3.9170506912442393
Non core,1.8433179723502304
Core,4.721030042918455
Non core,7.1530758226037205
Core,2.2222222222222223
Non core,9.494949494949497
Core,2.061855670103093
Non core,3.0927835051546397
Core,0.7894736842105263
Non core,1.3157894736842104
Core,3.8194444444444446
Non core,5.555555555555555
Core,1.4204545454545454
Non core,2.840909090909091
Core,4.274465691788527
Non core,7.874015748031496
Core,5.447830101569714
Non core,8.679593721144968
Core,5.07910074937552
Non core,6.161532056619484
Core,8.392603129445234
Non core,5.974395448079658
Core,6.455142231947483
Non core,4.704595185995624
Core,7.4074074074074066
Non core,5.413105413105413
Core,5.536332179930796
Non core,6.920415224913495
Core,0.8108108108108109
Non core,1.0810810810810811
Core,5.236907730673317
Non core,7.231920199501247
Core,5.871029836381136
Non core,12.127045235803656
Core,3.6269430051813463
Non core,5.181347150259067
Core,6.150583244962885
Non core,11.028632025450689
Core,8.60215053763441
Non core,16.666666666666664
Core,6.160164271047227
Non core,11.293634496919918
Core,7.186858316221765
Non core,11.90965092402464
Core,6.678383128295256
Non core,11.775043936731109
Core,8.25147347740668
Non core,13.359528487229865
Core,5.373831775700935
Non core,9.11214953271028
Core,5.922551252847381
Non core,12.984054669703871
Core,6.41025641025641
Non core,11.858974358974358
Core,7.4074074074074066
Non core,11.784511784511784
Core,7.528641571194762
Non core,12.111292962356792
Core,5.727923627684964
Non core,10.26252983293556
Core,5.952380952380952
Non core,13.60544217687075
Core,6.960556844547564
Non core,8.352668213457076
Core,6.29067245119306
Non core,11.496746203904555
Core,5.357142857142857
Non core,6.122448979591836
Core,5.014191106906338
Non core,8.420056764427624
Core,0.2666666666666666
Non core,0.5333333333333333
Core,5.842391304347826
Non core,10.190217391304348
Core,5.335628227194492
Non core,9.122203098106713
Core,7.707910750507099
Non core,12.373225152129818
Core,5.321507760532151
Non core,10.199556541019955
Core,1.5957446808510638
Non core,2.393617021276596
Core,6.04026845637584
Non core,11.85682326621924
Core,4.261363636363636
Non core,7.8125
Core,5.047619047619048
Non core,8.571428571428571
Core,3.636363636363636
Non core,4.675324675324675
Core,4.382470119521913
Non core,8.964143426294822
Core,5.283018867924529
Non core,10.0
Core,3.978779840848806
Non core,2.122015915119363
Core,6.217070600632244
Non core,10.01053740779768
Core,5.072463768115942
Non core,7.867494824016563
Core,2.0
Non core,3.833333333333333
Core,3.6281179138322
Non core,2.7210884353741496
Core,5.270655270655271
Non core,7.54985754985755
Core,2.6052104208416837
Non core,10.220440881763528
Core,2.0202020202020203
Non core,3.0303030303030303
Core,1.020408163265306
Non core,0.5102040816326531
Core,4.723502304147465
Non core,5.299539170506913
Core,1.3774104683195594
Non core,2.479338842975207
Core,4.910714285714286
Non core,7.477678571428571
Core,5.679702048417132
Non core,10.335195530726256
Core,4.8053024026512015
Non core,6.710853355426679
Core,8.67132867132867
Non core,5.174825174825175
Core,6.666666666666667
Non core,5.46448087431694
Core,8.477011494252872
Non core,6.752873563218391
Core,5.830388692579505
Non core,10.7773851590106
Core,1.058201058201058
Non core,1.3227513227513228
Core,4.866180048661801
Non core,7.2992700729927
Core,2.3728813559322037
Non core,2.485875706214689
Core,9.7799511002445
Non core,21.67889160554197
Core,6.838453914767097
Non core,12.784935579781962
Core,8.577878103837472
Non core,15.726109857035365
Core,4.703476482617587
Non core,6.5439672801636
Core,5.517909002904163
Non core,8.906098741529526
Core,5.930470347648262
Non core,9.304703476482617
Core,3.1659388646288207
Non core,5.786026200873363
Core,3.9742212674543502
Non core,6.659505907626208
Core,4.72297910990009
Non core,8.446866485013624
Core,5.909943714821764
Non core,8.161350844277674
Core,6.261682242990655
Non core,9.532710280373832
Core,2.5
Non core,5.543478260869565
Core,4.2293233082706765
Non core,9.586466165413531
Core,3.7796976241900646
Non core,4.751619870410368
Core,3.890641430073607
Non core,6.624605678233439
Core,3.167420814479638
Non core,3.733031674208145
Core,6.197183098591549
Non core,14.014084507042254
Core,0.1136363636363636
Non core,0.5681818181818182
Core,6.381118881118882
Non core,12.674825174825177
Core,3.882575757575758
Non core,7.196969696969697
Core,4.094165813715456
Non core,8.49539406345957
Core,3.052631578947368
Non core,5.263157894736842
Core,0.7936507936507936
Non core,1.1337868480725624
Core,3.5031847133757963
Non core,6.369426751592357
Core,4.604691572545613
Non core,8.079930495221546
Core,8.481824661439772
Non core,12.758374910905204
Core,1.799775028121485
Non core,2.249718785151856
Core,3.5211267605633805
Non core,4.82897384305835
Core,3.819784524975514
Non core,5.778648383937316
Core,2.1566401816118046
Non core,0.9080590238365494
Core,9.432515337423313
Non core,14.11042944785276
Core,6.565656565656567
Non core,8.802308802308803
Core,1.9283746556473829
Non core,3.0303030303030303
Core,2.320675105485232
Non core,0.7383966244725738
Core,4.4991511035653655
Non core,5.857385398981324
Core,1.4256619144602851
Non core,7.637474541751528
Core,1.6359918200409
Non core,3.476482617586912
Core,0.7829977628635347
Non core,0.5592841163310962
Core,5.66615620214395
Non core,6.355283307810107
Core,0.5753739930955121
Non core,1.2658227848101269
Core,5.333333333333334
Non core,6.888888888888889
Core,9.466192170818506
Non core,15.373665480427048
Core,9.59894806048652
Non core,12.294543063773832
Core,11.25886524822695
Non core,5.939716312056738
Core,10.374414976599065
Non core,9.282371294851794
Core,10.615521855486174
Non core,6.244424620874219
Core,6.003937007874016
Non core,8.956692913385826
Core,0.4530011325028313
Non core,0.9060022650056626
Core,2.9768467475192946
Non core,3.858875413450937
Core,3.014416775884666
Non core,2.752293577981652
Core,4.324324324324325
Non core,4.054054054054054
Core,2.2222222222222223
Non core,2.2222222222222223
Core,4.980842911877394
Non core,3.065134099616858
Core,4.261363636363636
Non core,2.556818181818182
Core,3.642384105960265
Non core,2.6490066225165565
Core,6.9364161849710975
Non core,4.046242774566474
Core,5.583756345177665
Non core,8.121827411167512
Core,3.140096618357488
Non core,3.140096618357488
Core,3.608247422680412
Non core,2.061855670103093
Core,3.9312039312039313
Non core,2.457002457002457
Core,6.790123456790123
Non core,9.25925925925926
Core,2.5974025974025974
Non core,2.5974025974025974
Core,3.723404255319149
Non core,2.127659574468085
Core,4.405286343612335
Non core,3.524229074889868
Core,8.0
Non core,3.2
Core,1.7241379310344829
Non core,1.839080459770115
Core,0.0
Non core,0.0
Core,3.041825095057034
Non core,2.6615969581749046
Core,2.549575070821529
Non core,1.41643059490085
Core,5.992509363295881
Non core,4.119850187265917
Core,4.411764705882353
Non core,4.901960784313726
Core,4.651162790697675
Non core,3.488372093023256
Core,4.186046511627907
Non core,2.3255813953488373
Core,2.3157894736842106
Non core,1.0526315789473684
Core,2.9308323563892147
Non core,1.992966002344666
Core,6.422018348623854
Non core,2.752293577981652
Core,4.761904761904762
Non core,2.7777777777777777
Core,3.389830508474576
Non core,2.711864406779661
Core,8.51063829787234
Non core,0.0
Core,2.864583333333333
Non core,1.953125
Core,2.2222222222222223
Non core,1.437908496732026
Core,1.5527950310559009
Non core,3.1055900621118013
Core,2.4539877300613497
Non core,2.4539877300613497
Core,2.330508474576271
Non core,2.330508474576271
Core,2.479338842975207
Non core,7.024793388429752
Core,2.8301886792452837
Non core,1.8867924528301887
Core,1.0101010101010102
Non core,0.0
Core,2.3771790808240887
Non core,1.7432646592709984
Core,4.225352112676056
Non core,7.042253521126761
Core,2.049780380673499
Non core,1.7569546120058566
Core,2.4229074889867843
Non core,1.9823788546255507
Core,2.4703557312252964
Non core,1.0869565217391304
Core,5.1652892561983474
Non core,1.4462809917355373
Core,3.0
Non core,1.0
Core,4.914529914529915
Non core,2.7777777777777777
Core,3.7900874635568513
Non core,1.749271137026239
Core,4.761904761904762
Non core,1.1904761904761905
Core,6.081081081081082
Non core,4.054054054054054
Core,6.587473002159827
Non core,10.691144708423328
Core,7.907348242811501
Non core,14.376996805111824
Core,4.925544100801833
Non core,5.841924398625429
Core,5.662393162393163
Non core,7.6923076923076925
Core,6.42939150401837
Non core,9.07003444316877
Core,3.860523038605231
Non core,5.354919053549191
Core,4.034229828850855
Non core,7.090464547677261
Core,5.236656596173213
Non core,8.056394763343404
Core,6.243386243386243
Non core,9.62962962962963
Core,6.962025316455696
Non core,10.970464135021098
Core,3.117206982543641
Non core,5.7356608478803
Core,5.345911949685535
Non core,8.90985324947589
Core,4.590570719602978
Non core,5.086848635235732
Core,4.260355029585798
Non core,5.798816568047338
Core,3.229974160206718
Non core,3.229974160206718
Core,6.562266964951529
Non core,11.707680835197614
Core,0.1310615989515072
Non core,0.1310615989515072
Core,6.609195402298851
Non core,12.260536398467432
Core,3.192584963954686
Non core,5.149330587023687
Core,5.184331797235023
Non core,7.603686635944701
Core,3.2181168057210967
Non core,5.005959475566151
Core,0.7853403141361256
Non core,1.0471204188481675
Core,4.101326899879373
Non core,6.15199034981906
Core,5.076628352490421
Non core,7.567049808429119
Core,8.422664624808576
Non core,12.557427258805513
Core,2.075226977950713
Non core,2.204928664072633
Core,3.167420814479638
Non core,4.97737556561086
Core,3.938730853391685
Non core,5.25164113785558
Core,2.4967148488830486
Non core,0.9198423127463864
Core,8.70265914585012
Non core,11.36180499597099
Core,5.751533742331288
Non core,7.592024539877301
Core,2.358974358974359
Non core,2.4615384615384617
Core,2.3030303030303028
Non core,1.4545454545454546
Core,4.283054003724395
Non core,5.493482309124767
Core,1.4840182648401825
Non core,6.963470319634703
Core,1.6147635524798154
Non core,2.9988465974625145
Core,1.0362694300518136
Non core,0.6476683937823834
Core,5.267489711934156
Non core,5.185185185185185
Core,0.7989347536617843
Non core,0.9320905459387484
Core,5.4892601431980905
Non core,5.409705648369132
Core,9.97697620874904
Non core,15.349194167306216
Core,9.078212290502794
Non core,11.941340782122904
Core,10.325047801147228
Non core,4.493307839388145
Core,10.15952980688497
Non core,8.480268681780016
Core,9.67117988394584
Non core,5.319148936170213
Core,6.153846153846154
Non core,8.901098901098901
Core,0.7894736842105263
Non core,1.0526315789473684
Core,3.0264817150063053
Non core,3.909205548549811
Core,6.786850477200425
Non core,12.513255567338282
Core,6.4449064449064455
Non core,10.187110187110187
Core,6.715063520871143
Non core,12.159709618874771
Core,7.199999999999999
Non core,12.8
Core,5.783132530120482
Non core,7.710843373493977
Core,6.11764705882353
Non core,12.23529411764706
Core,7.43801652892562
Non core,11.40495867768595
Core,7.7854671280276815
Non core,11.418685121107266
Core,8.080808080808081
Non core,11.784511784511784
Core,4.634146341463414
Non core,9.268292682926829
Core,6.423611111111111
Non core,12.32638888888889
Core,6.506024096385541
Non core,8.674698795180722
Core,6.531531531531531
Non core,11.486486486486488
Core,5.585106382978723
Non core,5.585106382978723
Core,5.038022813688213
Non core,7.129277566539924
Core,0.2801120448179272
Non core,0.2801120448179272
Core,6.49171270718232
Non core,8.83977900552486
Core,6.104129263913824
Non core,9.874326750448834
Core,6.05427974947808
Non core,13.569937369519833
Core,5.542725173210162
Non core,10.392609699769054
Core,1.971830985915493
Non core,2.8169014084507045
Core,6.775700934579438
Non core,11.91588785046729
Core,4.617604617604617
Non core,6.493506493506493
Core,6.0370009737098345
Non core,8.27653359298929
Core,4.10958904109589
Non core,4.931506849315069
Core,5.112474437627812
Non core,7.361963190184049
Core,5.363984674329502
Non core,8.045977011494253
Core,5.042016806722689
Non core,1.680672268907563
Core,7.70065075921909
Non core,9.869848156182211
Core,5.826271186440677
Non core,7.733050847457627
Core,2.2413793103448274
Non core,3.9655172413793114
Core,4.265402843601896
Non core,2.3696682464454977
Core,5.377906976744186
Non core,6.976744186046512
Core,2.459016393442623
Non core,9.01639344262295
Core,2.083333333333333
Non core,2.2916666666666665
Core,0.8064516129032258
Non core,1.0752688172043012
Core,5.170387779083431
Non core,4.81786133960047
Core,1.4492753623188406
Non core,2.318840579710145
Core,4.96054114994363
Non core,6.426155580608793
Core,7.471264367816093
Non core,10.057471264367816
Core,6.032285471537808
Non core,6.711979609175871
Core,10.0
Non core,5.217391304347826
Core,8.01354401805869
Non core,5.643340857787811
Core,9.544787077826726
Non core,5.4331864904552125
Core,6.8014705882352935
Non core,11.029411764705882
Core,1.1111111111111112
Non core,1.1111111111111112
Core,5.912596401028278
Non core,7.712082262210797
Core,6.143344709897611
Non core,8.304891922639362
Core,7.931404072883172
Non core,9.967845659163988
Core,6.866002214839424
Non core,8.859357696566999
Core,3.571428571428571
Non core,5.476190476190476
Core,5.100830367734282
Non core,7.354685646500593
Core,6.896551724137931
Non core,11.156186612576064
Core,7.210031347962382
Non core,11.285266457680253
Core,7.033639143730887
Non core,10.9072375127421
Core,2.9797377830750893
Non core,5.721096543504172
Core,5.77319587628866
Non core,10.618556701030927
Core,4.796163069544365
Non core,5.875299760191846
Core,4.6082949308755765
Non core,7.027649769585254
Core,3.094059405940594
Non core,3.7128712871287126
Core,6.774668630338733
Non core,12.886597938144329
Core,0.1248439450686641
Non core,0.2496878901373283
Core,8.123249299719888
Non core,11.39122315592904
Core,4.476093591047812
Non core,6.510681586978636
Core,5.022321428571429
Non core,8.59375
Core,3.815028901734104
Non core,5.664739884393064
Core,0.7509386733416771
Non core,1.5018773466833542
Core,3.7296037296037294
Non core,7.3426573426573425
Core,4.921077065923862
Non core,7.892293407613741
Core,7.867647058823529
Non core,11.176470588235295
Core,1.982651796778191
Non core,2.478314745972739
Core,3.384279475982533
Non core,5.240174672489083
Core,5.314533622559653
Non core,7.158351409978309
Core,2.1223470661672907
Non core,0.9987515605493134
Core,8.798114689709347
Non core,11.31186174391202
Core,7.476635514018691
Non core,10.669781931464174
Core,1.5794669299111548
Non core,3.1589338598223096
Core,3.0444964871194378
Non core,1.756440281030445
Core,4.909090909090909
Non core,5.818181818181818
Core,1.4038876889848813
Non core,5.399568034557236
Core,1.3172338090010975
Non core,2.52469813391877
Core,1.112484548825711
Non core,0.7416563658838072
Core,6.152584085315833
Non core,7.136997538966367
Core,0.7633587786259541
Non core,1.3994910941475829
Core,6.335204490777866
Non core,8.580593424218124
Core,8.683068017366136
Non core,12.301013024602025
Core,8.355795148247978
Non core,11.05121293800539
Core,11.68091168091168
Non core,6.077872744539412
Core,10.565110565110563
Non core,8.353808353808354
Core,10.227272727272728
Non core,6.0606060606060606
Core,7.127429805615551
Non core,10.151187904967603
Core,0.7490636704119851
Non core,0.7490636704119851
Core,3.0120481927710845
Non core,3.855421686746989
Core,9.90783410138249
Non core,13.594470046082948
Core,11.082474226804123
Non core,12.886597938144329
Core,6.7340067340067336
Non core,11.784511784511784
Core,7.716049382716049
Non core,10.802469135802468
Core,7.370517928286853
Non core,12.151394422310757
Core,8.565310492505352
Non core,13.49036402569593
Core,7.584830339321358
Non core,10.778443113772456
Core,6.25
Non core,8.223684210526317
Core,7.627118644067797
Non core,12.076271186440678
Core,8.19672131147541
Non core,9.508196721311474
Core,10.21671826625387
Non core,15.1702786377709
Core,6.896551724137931
Non core,7.662835249042145
Core,4.231166150670795
Non core,5.263157894736842
Core,0.4184100418410041
Non core,0.0
Core,6.084243369734789
Non core,5.61622464898596
Core,5.921052631578947
Non core,9.649122807017545
Core,10.05586592178771
Non core,16.75977653631285
Core,7.348242811501597
Non core,15.015974440894569
Core,2.941176470588235
Non core,3.361344537815126
Core,7.430340557275541
Non core,13.0030959752322
Core,4.081632653061225
Non core,6.63265306122449
Core,4.66321243523316
Non core,4.66321243523316
Core,4.365079365079365
Non core,6.349206349206349
Core,6.811989100817439
Non core,10.626702997275205
Core,7.556675062972292
Non core,11.586901763224182
Core,5.394190871369295
Non core,3.319502074688797
Core,6.690561529271206
Non core,8.60215053763441
Core,4.29732868757259
Non core,6.387921022067364
Core,1.7278617710583155
Non core,5.615550755939525
Core,4.193548387096775
Non core,2.5806451612903225
Core,5.172413793103448
Non core,7.586206896551724
Core,2.7848101265822782
Non core,4.810126582278481
Core,2.5
Non core,3.611111111111111
Core,1.1764705882352942
Non core,0.7843137254901961
Core,3.4712950600801067
Non core,5.607476635514018
Core,2.690582959641256
Non core,4.484304932735426
Core,4.761904761904762
Non core,7.078507078507079
Core,4.964539007092199
Non core,7.29483282674772
Core,4.5822102425876015
Non core,3.953279424977538
Core,8.877721943048575
Non core,4.355108877721943
Core,5.276073619631902
Non core,3.6809815950920246
Core,7.705192629815745
Non core,3.5175879396984926
Core,7.126948775055679
Non core,9.131403118040089
Core,1.2448132780082988
Non core,2.0746887966804977
Core,6.049822064056939
Non core,8.896797153024911
Core,10.23454157782516
Non core,12.366737739872068
Core,5.641025641025641
Non core,8.717948717948717
Core,7.673267326732673
Non core,10.643564356435643
Core,6.768189509306261
Non core,10.65989847715736
Core,8.51449275362319
Non core,11.77536231884058
Core,7.401032702237521
Non core,10.843373493975903
Core,4.822335025380711
Non core,7.3604060913705585
Core,7.734806629834254
Non core,13.627992633517495
Core,7.41687979539642
Non core,8.439897698209718
Core,7.246376811594203
Non core,13.285024154589372
Core,5.965909090909091
Non core,5.681818181818182
Core,4.567078972407232
Non core,5.32825880114177
Core,0.3012048192771084
Non core,0.3012048192771084
Core,7.1328671328671325
Non core,6.153846153846154
Core,6.122448979591836
Non core,9.090909090909092
Core,8.240534521158128
Non core,13.808463251670378
Core,8.0
Non core,11.25
Core,1.82370820668693
Non core,3.64741641337386
Core,6.896551724137931
Non core,12.06896551724138
Core,4.776119402985075
Non core,6.4179104477611935
Core,5.76171875
Non core,6.4453125
Core,4.142011834319527
Non core,6.21301775147929
Core,5.869565217391305
Non core,8.26086956521739
Core,7.900207900207901
Non core,9.97920997920998
Core,4.2042042042042045
Non core,2.702702702702702
Core,6.731813246471227
Non core,8.251900108577633
Core,6.455142231947483
Non core,8.096280087527353
Core,1.8083182640144664
Non core,5.063291139240507
Core,4.761904761904762
Non core,1.7543859649122806
Core,4.437869822485207
Non core,6.21301775147929
Core,2.2587268993839835
Non core,4.312114989733059
Core,2.2123893805309733
Non core,3.0973451327433628
Core,0.8645533141210375
Non core,1.1527377521613833
Core,5.597014925373134
Non core,7.711442786069651
Core,1.892744479495268
Non core,3.154574132492113
Core,4.988399071925754
Non core,6.728538283062645
Core,6.43611911623439
Non core,9.029779058597502
Core,5.5272108843537415
Non core,5.187074829931973
Core,10.075187969924812
Non core,5.714285714285714
Core,7.612456747404845
Non core,5.651672433679354
Core,8.669656203288492
Non core,4.633781763826607
Core,8.333333333333332
Non core,11.046511627906977
Core,1.8072289156626504
Non core,1.5060240963855422
Core,5.121293800539084
Non core,7.277628032345014
Core,6.990881458966565
Non core,11.854103343465043
Core,7.397260273972603
Non core,8.493150684931507
Core,6.340579710144928
Non core,9.420289855072465
Core,8.450704225352112
Non core,14.084507042253522
Core,9.038461538461538
Non core,12.5
Core,4.651162790697675
Non core,7.848837209302325
Core,7.157057654075547
Non core,12.922465208747516
Core,8.982035928143713
Non core,10.179640718562874
Core,7.795698924731183
Non core,11.559139784946236
Core,7.167235494880546
Non core,8.19112627986348
Core,4.632426988922457
Non core,6.143001007049345
Core,0.3597122302158274
Non core,0.0
Core,7.680491551459294
Non core,8.294930875576037
Core,6.262626262626263
Non core,8.080808080808081
Core,8.6848635235732
Non core,13.647642679900745
Core,7.02247191011236
Non core,11.51685393258427
Core,2.158273381294964
Non core,2.877697841726619
Core,6.318681318681318
Non core,11.263736263736265
Core,5.081967213114754
Non core,8.032786885245901
Core,6.095041322314049
Non core,6.921487603305786
Core,4.513888888888888
Non core,5.902777777777778
Core,5.023923444976076
Non core,7.4162679425837315
Core,7.87037037037037
Non core,10.648148148148149
Core,5.0
Non core,2.5
Core,7.184241019698725
Non core,9.154113557358054
Core,5.942857142857143
Non core,7.428571428571429
Core,1.5625
Non core,3.125
Core,3.68271954674221
Non core,1.13314447592068
Core,4.983922829581994
Non core,6.430868167202572
Core,2.771362586605081
Non core,4.387990762124711
Core,2.75
Non core,2.5
Core,0.6734006734006733
Non core,0.0
Core,5.038759689922481
Non core,5.555555555555555
Core,1.893939393939394
Non core,3.4090909090909087
Core,5.018359853121175
Non core,6.119951040391677
Core,6.559031281533804
Non core,9.182643794147326
Core,5.935251798561151
Non core,6.205035971223022
Core,10.207336523125996
Non core,3.827751196172249
Core,7.384987893462469
Non core,4.842615012106537
Core,8.653846153846153
Non core,4.006410256410256
Core,8.974358974358974
Non core,10.897435897435898
Core,1.4184397163120568
Non core,0.7092198581560284
Core,6.289308176100629
Non core,7.547169811320755
Core,6.614785992217899
Non core,7.782101167315175
Core,4.595185995623632
Non core,7.00218818380744
Core,6.220095693779904
Non core,8.61244019138756
Core,6.320541760722348
Non core,7.223476297968396
Core,6.976744186046512
Non core,13.023255813953488
Core,5.569007263922518
Non core,9.443099273607748
Core,7.964601769911504
Non core,11.061946902654867
Core,6.844106463878327
Non core,12.927756653992397
Core,6.857142857142858
Non core,12.571428571428571
Core,2.516411378555799
Non core,3.719912472647703
Core,0.0
Non core,0.0
Core,4.203152364273205
Non core,5.42907180385289
Core,5.181347150259067
Non core,8.031088082901555
Core,7.308970099667775
Non core,13.621262458471762
Core,5.714285714285714
Non core,13.877551020408164
Core,4.026845637583892
Non core,5.369127516778524
Core,8.130081300813007
Non core,13.414634146341465
Core,3.543307086614173
Non core,6.889763779527559
Core,3.114571746384872
Non core,4.226918798665183
Core,6.024096385542169
Non core,7.83132530120482
Core,4.682274247491638
Non core,9.364548494983277
Core,6.363636363636363
Non core,9.696969696969695
Core,8.49673202614379
Non core,3.92156862745098
Core,3.4739454094292808
Non core,5.086848635235732
Core,2.638190954773869
Non core,5.778894472361809
Core,1.827676240208877
Non core,4.43864229765013
Core,5.381165919282512
Non core,2.690582959641256
Core,3.1067961165048543
Non core,6.407766990291262
Core,2.258064516129032
Non core,5.806451612903226
Core,2.5454545454545454
Non core,3.636363636363636
Core,0.5952380952380952
Non core,0.5952380952380952
Core,2.9629629629629632
Non core,4.7407407407407405
Core,2.9629629629629632
Non core,7.4074074074074066
Core,3.0470914127423825
Non core,4.847645429362881
Core,3.540772532188841
Non core,5.686695278969957
Core,3.2442748091603053
Non core,3.435114503816794
Core,5.805243445692884
Non core,3.932584269662921
Core,3.4528552456839305
Non core,2.523240371845949
Core,5.471698113207547
Non core,2.8301886792452837
Core,5.88235294117647
Non core,9.62566844919786
Core,2.666666666666667
Non core,3.333333333333333
Core,6.63265306122449
Non core,12.244897959183673
Core,5.625
Non core,7.291666666666667
Core,6.25
Non core,8.035714285714286
Core,5.957446808510639
Non core,7.872340425531915
Core,5.622489959839357
Non core,10.843373493975903
Core,5.88235294117647
Non core,8.823529411764707
Core,6.870229007633588
Non core,8.015267175572518
Core,6.7340067340067336
Non core,10.1010101010101
Core,7.075471698113208
Non core,6.60377358490566
Core,3.22234156820623
Non core,4.511278195488721
Core,0.0
Non core,0.0
Core,7.835820895522389
Non core,14.925373134328357
Core,5.378973105134474
Non core,9.290953545232274
Core,7.121661721068249
Non core,10.385756676557865
Core,7.9422382671480145
Non core,9.386281588447654
Core,2.702702702702702
Non core,2.702702702702702
Core,6.405693950177936
Non core,11.387900355871883
Core,4.212454212454213
Non core,4.395604395604396
Core,4.29042904290429
Non core,5.39053905390539
Core,6.030150753768844
Non core,5.025125628140704
Core,5.13595166163142
Non core,7.552870090634441
Core,5.434782608695652
Non core,7.336956521739131
Core,5.291005291005291
Non core,2.6455026455026456
Core,4.744525547445255
Non core,5.59610705596107
Core,4.019488428745433
Non core,4.993909866017052
Core,1.4251781472684086
Non core,2.8503562945368173
Core,3.875968992248062
Non core,1.937984496124031
Core,4.014598540145985
Non core,4.744525547445255
Core,2.469135802469136
Non core,10.802469135802468
Core,1.948051948051948
Non core,3.2467532467532463
Core,1.5151515151515151
Non core,0.5050505050505051
Core,4.291845493562231
Non core,4.291845493562231
Core,3.571428571428571
Non core,4.166666666666666
Core,3.882195448460509
Non core,4.685408299866131
Core,4.214963119072708
Non core,6.42781875658588
Core,3.551401869158879
Non core,3.925233644859813
Core,8.19672131147541
Non core,4.371584699453552
Core,5.387647831800263
Non core,3.679369250985545
Core,6.445672191528545
Non core,5.156537753222836
Core,10.354223433242508
Non core,16.076294277929154
Core,1.5957446808510638
Non core,0.0
Core,6.896551724137931
Non core,7.327586206896551
Core,7.754442649434572
Non core,9.8546042003231
Core,7.064364207221351
Non core,10.832025117739404
Core,4.67706013363029
Non core,8.017817371937639
Core,6.578947368421052
Non core,12.335526315789473
Core,7.191011235955057
Non core,8.98876404494382
Core,6.185567010309279
Non core,9.896907216494846
Core,5.121951219512195
Non core,6.341463414634147
Core,4.636363636363637
Non core,6.181818181818182
Core,0.0
Non core,0.2518891687657431
Core,5.626598465473146
Non core,6.138107416879795
Core,6.0
Non core,8.166666666666666
Core,6.601941747572816
Non core,12.233009708737864
Core,5.230125523012552
Non core,7.949790794979079
Core,1.7632241813602016
Non core,1.7632241813602016
Core,5.69620253164557
Non core,9.70464135021097
Core,5.0
Non core,7.361111111111112
Core,4.918032786885246
Non core,5.555555555555555
Core,3.1707317073170733
Non core,3.414634146341464
Core,4.942965779467681
Non core,7.0342205323193925
Core,5.2727272727272725
Non core,9.454545454545457
Core,3.258145363408521
Non core,2.0050125313283207
Core,6.281661600810537
Non core,7.497467071935157
Core,4.083665338645418
Non core,6.573705179282868
Core,2.113821138211382
Non core,4.390243902439024
Core,4.139433551198257
Non core,2.396514161220044
Core,4.651162790697675
Non core,6.429548563611491
Core,1.8115942028985508
Non core,3.804347826086957
Core,1.5444015444015444
Non core,2.702702702702702
Core,1.2195121951219512
Non core,0.7317073170731708
Core,3.910614525139665
Non core,5.027932960893855
Core,1.3020833333333337
Non core,2.083333333333333
Core,4.988913525498892
Non core,8.869179600886918
Core,5.675675675675676
Non core,8.378378378378379
Core,5.2502050861361775
Non core,6.808859721082855
Core,8.49056603773585
Non core,3.908355795148248
Core,7.516339869281046
Non core,6.427015250544662
Core,8.049113233287859
Non core,4.092769440654844
Core,5.48172757475083
Non core,7.475083056478406
Core,1.25
Non core,0.5
Core,4.597701149425287
Non core,5.977011494252873
Core,9.137055837563452
Non core,12.859560067681894
Core,4.398148148148148
Non core,5.787037037037037
Core,7.908611599297012
Non core,13.884007029876976
Core,7.398568019093078
Non core,8.83054892601432
Core,7.505518763796909
Non core,10.154525386313466
Core,5.774278215223097
Non core,6.299212598425196
Core,5.137963843958135
Non core,7.992388201712655
Core,0.2724795640326975
Non core,0.0
Core,7.123287671232877
Non core,8.493150684931507
Core,5.749128919860628
Non core,8.362369337979095
Core,8.1799591002045
Non core,10.83844580777096
Core,5.842696629213483
Non core,8.98876404494382
Core,1.6304347826086956
Non core,1.9021739130434785
Core,7.289293849658314
Non core,10.478359908883828
Core,5.232558139534884
Non core,7.994186046511628
Core,6.153846153846154
Non core,7.596153846153846
Core,4.244031830238726
Non core,3.7135278514588856
Core,4.365079365079365
Non core,6.547619047619048
Core,6.525911708253358
Non core,8.829174664107486
Core,3.523035230352303
Non core,2.168021680216802
Core,6.42781875658588
Non core,8.74604847207587
Core,5.08298755186722
Non core,7.053941908713693
Core,1.854974704890388
Non core,3.541315345699832
Core,4.398148148148148
Non core,1.851851851851852
Core,5.316091954022988
Non core,7.040229885057471
Core,1.9047619047619049
Non core,3.428571428571429
Core,1.6528925619834711
Non core,3.71900826446281
Core,0.7853403141361256
Non core,0.7853403141361256
Core,4.62962962962963
Non core,4.74537037037037
Core,1.1267605633802815
Non core,2.2535211267605635
Core,4.927211646136618
Non core,6.718924972004479
Core,5.9869036482694105
Non core,9.635173058933583
Core,5.8474576271186445
Non core,7.372881355932204
Core,8.948863636363637
Non core,5.255681818181818
Core,6.813186813186813
Non core,4.835164835164836
Core,8.664772727272728
Non core,3.835227272727273
Core,7.454545454545454
Non core,10.727272727272728
Core,1.3623978201634876
Non core,1.3623978201634876
Core,4.668304668304668
Non core,6.142506142506143
Core,4.6875
Non core,6.696428571428571
Core,6.425041186161449
Non core,11.532125205930807
Core,7.568807339449542
Non core,9.403669724770642
Core,7.872340425531915
Non core,10.425531914893616
Core,4.950495049504951
Non core,6.435643564356436
Core,5.199628597957289
Non core,7.3351903435468895
Core,0.2570694087403599
Non core,0.2570694087403599
Core,6.57030223390276
Non core,7.35873850197109
Core,5.574324324324325
Non core,8.952702702702704
Core,7.436399217221135
Non core,10.95890410958904
Core,5.543710021321962
Non core,8.315565031982942
Core,1.7994858611825193
Non core,2.056555269922879
Core,5.970149253731343
Non core,9.168443496801707
Core,5.46984572230014
Non core,7.012622720897616
Core,6.314797360980208
Non core,7.351555136663525
Core,3.731343283582089
Non core,3.233830845771144
Core,3.977272727272727
Non core,6.25
Core,6.088560885608856
Non core,9.04059040590406
Core,4.358974358974359
Non core,1.5384615384615383
Core,6.839378238341968
Non core,8.808290155440414
Core,4.531722054380665
Non core,6.646525679758309
Core,1.7857142857142856
Non core,3.4090909090909087
Core,3.2537960954446854
Non core,1.3015184381778742
Core,4.657534246575342
Non core,5.616438356164384
Core,2.0257826887661143
Non core,4.051565377532229
Core,1.7751479289940828
Non core,3.353057199211045
Core,0.7444168734491315
Non core,1.240694789081886
Core,4.436860068259386
Non core,5.688282138794084
Core,1.0554089709762533
Non core,1.8469656992084436
Core,4.6943231441048034
Non core,6.6593886462882095
Core,6.330275229357799
Non core,9.174311926605505
Core,6.187290969899665
Non core,7.441471571906355
Core,8.916323731138547
Non core,4.526748971193416
Core,7.12719298245614
Non core,6.798245614035088
Core,8.484005563282336
Non core,4.867872044506258
Core,7.465277777777778
Non core,9.375
Core,0.7575757575757576
Non core,0.2525252525252525
Core,5.386416861826698
Non core,5.620608899297424
Core,4.018912529550828
Non core,7.328605200945626
Core,5.603448275862069
Non core,8.620689655172415
Core,5.947955390334572
Non core,9.66542750929368
Core,4.972375690607735
Non core,8.287292817679557
Core,2.067464635473341
Non core,3.1556039173014145
Core,0.0
Non core,1.3888888888888888
Core,3.1413612565445024
Non core,5.4101221640488655
Core,4.071246819338422
Non core,6.106870229007633
Core,6.514657980456026
Non core,10.749185667752444
Core,5.220883534136546
Non core,10.843373493975903
Core,4.10958904109589
Non core,4.794520547945205
Core,6.299212598425196
Non core,9.84251968503937
Core,2.294455066921606
Non core,4.2065009560229445
Core,2.759381898454746
Non core,3.3112582781456954
Core,4.117647058823529
Non core,4.705882352941177
Core,3.96039603960396
Non core,7.260726072607261
Core,5.438066465256798
Non core,9.06344410876133
Core,6.578947368421052
Non core,3.947368421052632
Core,3.341584158415842
Non core,4.455445544554455
Core,1.98019801980198
Non core,4.331683168316832
Core,2.380952380952381
Non core,4.232804232804233
Core,4.017857142857143
Non core,1.7857142857142856
Core,2.687140115163148
Non core,4.798464491362764
Core,2.341137123745819
Non core,8.361204013377927
Core,1.818181818181818
Non core,2.909090909090909
Core,1.851851851851852
Non core,0.6172839506172839
Core,2.0408163265306123
Non core,3.3527696793002915
Core,3.816793893129771
Non core,6.870229007633588
Core,2.7586206896551726
Non core,4.137931034482759
Core,2.869287991498406
Non core,4.888416578108395
Core,2.549575070821529
Non core,2.644003777148253
Core,4.805914972273567
Non core,2.7726432532347505
Core,3.475935828877005
Non core,2.6737967914438503
Core,4.798464491362764
Non core,4.606525911708253
Core,3.5989717223650386
Non core,6.426735218508997
Core,2.7210884353741496
Non core,2.7210884353741496
Core,5.0
Non core,9.5
Core,7.881773399014778
Non core,10.83743842364532
Core,6.25
Non core,11.607142857142858
Core,5.026455026455026
Non core,6.613756613756613
Core,3.842549203373945
Non core,7.1227741330834125
Core,0.2770083102493075
Non core,0.2770083102493075
Core,5.039787798408488
Non core,6.23342175066313
Core,5.663716814159292
Non core,9.380530973451329
Core,7.09812108559499
Non core,13.361169102296447
Core,5.73394495412844
Non core,10.321100917431194
Core,1.6528925619834711
Non core,1.9283746556473829
Core,7.142857142857142
Non core,10.829493087557603
Core,5.154639175257731
Non core,8.836524300441827
Core,4.528301886792453
Non core,6.60377358490566
Core,3.5135135135135136
Non core,5.135135135135135
Core,4.67479674796748
Non core,7.926829268292683
Core,5.405405405405405
Non core,9.652509652509652
Core,3.8356164383561646
Non core,1.643835616438356
Core,4.550155118924509
Non core,7.96277145811789
Core,3.7871033776867966
Non core,6.345957011258956
Core,1.7123287671232876
Non core,4.452054794520548
Core,3.248259860788863
Non core,2.088167053364269
Core,3.8461538461538463
Non core,6.837606837606838
Core,1.9342359767891684
Non core,4.061895551257253
Core,1.6528925619834711
Non core,2.6859504132231407
Core,0.5305039787798408
Non core,1.0610079575596816
Core,3.3642691415313224
Non core,5.68445475638051
Core,1.7241379310344829
Non core,2.2988505747126435
Core,4.044943820224719
Non core,7.415730337078652
Core,4.7926267281106
Non core,8.663594470046084
Core,4.761904761904762
Non core,6.432748538011696
Core,6.954102920723226
Non core,4.172461752433936
Core,5.953693495038589
Non core,5.512679162072767
Core,6.619718309859154
Non core,4.225352112676056
Core,6.909090909090909
Non core,10.363636363636363
Core,0.8130081300813009
Non core,0.0
Core,5.276381909547738
Non core,6.78391959798995
Core,8.239700374531834
Non core,12.359550561797752
Core,7.608695652173914
Non core,9.782608695652174
Core,3.159041394335512
Non core,3.376906318082789
Core,0.641025641025641
Non core,0.0
Core,5.344827586206897
Non core,3.793103448275862
Core,6.770833333333333
Non core,8.854166666666668
Core,8.766233766233766
Non core,11.688311688311687
Core,6.692913385826772
Non core,11.41732283464567
Core,3.821656050955414
Non core,4.45859872611465
Core,9.523809523809524
Non core,11.904761904761903
Core,4.263565891472868
Non core,5.813953488372093
Core,3.7777777777777777
Non core,4.222222222222222
Core,6.470588235294119
Non core,8.823529411764707
Core,5.161290322580645
Non core,7.096774193548387
Core,6.528189910979229
Non core,9.19881305637982
Core,6.097560975609756
Non core,3.048780487804878
Core,4.207920792079208
Non core,4.950495049504951
Core,3.3623910336239105
Non core,4.9813200498132
Core,1.0025062656641603
Non core,2.756892230576441
Core,3.8461538461538463
Non core,2.1367521367521367
Core,3.4090909090909087
Non core,4.734848484848484
Core,3.459119496855346
Non core,4.088050314465408
Core,2.464788732394366
Non core,2.8169014084507045
Core,0.0
Non core,1.1428571428571428
Core,2.7377521613832854
Non core,3.025936599423631
Core,2.7586206896551726
Non core,4.827586206896552
Core,3.556771545827633
Non core,3.967168262653898
Core,3.825717321997875
Non core,5.100956429330499
Core,3.629417382999045
Non core,3.8204393505253114
Core,6.481481481481481
Non core,3.333333333333333
Core,4.654255319148936
Non core,2.393617021276596
Core,6.16822429906542
Non core,2.4299065420560746
Core,7.4866310160427805
Non core,9.893048128342247
Core,2.484472049689441
Non core,0.6211180124223602
Core,7.389162561576355
Non core,10.83743842364532
Core,7.174887892376682
Non core,10.31390134529148
Core,3.4846884899683213
Non core,4.646251319957761
Core,0.4975124378109453
Non core,0.4975124378109453
Core,5.186385737439222
Non core,4.862236628849271
Core,6.474820143884892
Non core,11.031175059952036
Core,10.122699386503069
Non core,17.791411042944784
Core,8.865248226950355
Non core,13.829787234042554
Core,2.985074626865672
Non core,4.477611940298507
Core,8.450704225352112
Non core,15.492957746478872
Core,4.136690647482014
Non core,6.294964028776978
Core,4.180064308681672
Non core,4.930332261521972
Core,5.092592592592593
Non core,6.944444444444445
Core,6.21301775147929
Non core,10.355029585798816
Core,6.149732620320856
Non core,10.427807486631016
Core,4.285714285714286
Non core,2.857142857142857
Core,4.676258992805756
Non core,6.594724220623502
Core,3.730445246690734
Non core,6.498194945848375
Core,2.5943396226415096
Non core,5.89622641509434
Core,5.166051660516605
Non core,3.321033210332104
Core,5.128205128205128
Non core,7.875457875457875
Core,2.793296089385475
Non core,5.58659217877095
Core,2.4615384615384617
Non core,3.692307692307693
Core,1.376146788990826
Non core,0.9174311926605504
Core,3.4722222222222223
Non core,4.861111111111112
Core,1.5957446808510638
Non core,5.851063829787234
Core,4.26098535286285
Non core,6.524633821571238
Core,4.149377593360995
Non core,6.950207468879668
Core,3.604436229205176
Non core,4.621072088724584
Core,7.368421052631578
Non core,4.736842105263158
Core,4.816223067173637
Non core,3.041825095057034
Core,6.690140845070422
Non core,3.697183098591549
Core,7.021791767554479
Non core,10.411622276029057
Core,1.4634146341463417
Non core,1.951219512195122
Core,7.377049180327869
Non core,9.836065573770492
Core,2.277904328018223
Non core,2.277904328018223
Core,1.0416666666666663
Non core,0.0
Core,4.283054003724395
Non core,2.4208566108007448
Core,5.507246376811594
Non core,5.797101449275362
Core,7.063197026022305
Non core,8.550185873605948
Core,7.246376811594203
Non core,8.695652173913043
Core,5.1020408163265305
Non core,7.142857142857142
Core,5.741626794258373
Non core,11.961722488038278
Core,3.5864978902953584
Non core,3.5864978902953584
Core,3.368176538908246
Non core,2.5551684088269457
Core,6.666666666666667
Non core,6.666666666666667
Core,5.88235294117647
Non core,7.0588235294117645
Core,5.460750853242321
Non core,7.167235494880546
Core,7.547169811320755
Non core,4.716981132075472
Core,3.5110533159947983
Non core,3.381014304291288
Core,3.0303030303030303
Non core,3.689064558629776
Core,1.7751479289940828
Non core,2.9585798816568047
Core,5.113636363636364
Non core,1.7045454545454544
Core,3.354297693920336
Non core,3.7735849056603774
Core,3.018867924528302
Non core,3.39622641509434
Core,3.070175438596491
Non core,1.7543859649122806
Core,3.571428571428571
Non core,0.8928571428571428
Core,2.8301886792452837
Non core,3.1446540880503147
Core,4.705882352941177
Non core,8.235294117647058
Core,2.911208151382824
Non core,2.7656477438136826
Core,2.5330396475770924
Non core,3.744493392070485
Core,2.766798418972332
Non core,2.4703557312252964
Core,5.060728744939271
Non core,2.834008097165992
Core,3.385049365303244
Non core,1.692524682651622
Core,5.1440329218107
Non core,2.05761316872428
Core,5.952380952380952
Non core,6.845238095238096
Core,3.0303030303030303
Non core,4.040404040404041
Core,10.95890410958904
Non core,12.32876712328767
Core,0.1169590643274853
Non core,0.3508771929824561
Core,6.081668114682884
Non core,9.904430929626413
Core,2.908067542213884
Non core,4.596622889305816
Core,3.121852970795569
Non core,4.934541792547835
Core,2.212855637513172
Non core,3.371970495258166
Core,0.9356725146198832
Non core,1.0526315789473684
Core,3.2085561497326207
Non core,4.598930481283422
Core,4.148660328435609
Non core,5.617977528089887
Core,5.995864920744314
Non core,9.372846312887663
Core,1.4891179839633446
Non core,1.3745704467353952
Core,2.727272727272727
Non core,3.333333333333333
Core,3.336604514229637
Non core,3.827281648675172
Core,1.9836639439906647
Non core,0.8168028004667445
Core,7.295504789977893
Non core,9.432571849668388
Core,5.039034776437189
Non core,6.529453513129879
Core,1.4911463187325256
Non core,2.516309412861137
Core,2.058504875406284
Non core,0.8667388949079089
Core,3.816793893129771
Non core,4.156064461407973
Core,1.3
Non core,3.1
Core,1.0298661174047374
Non core,2.059732234809475
Core,0.5760368663594471
Non core,0.6912442396313364
Core,4.265041888804265
Non core,5.102817974105102
Core,0.5903187721369539
Non core,0.7083825265643447
Core,5.007363770250368
Non core,4.565537555228277
Core,7.313738892686262
Non core,10.731373889268626
Core,7.055805003207184
Non core,10.13470173187941
Core,8.994708994708994
Non core,5.202821869488536
Core,8.927173061863742
Non core,9.08379013312451
Core,9.082813891362422
Non core,5.164737310774711
Core,3.842459173871278
Non core,5.763688760806916
Core,0.5807200929152149
Non core,0.2322880371660859
Core,2.2123893805309733
Non core,1.991150442477876
Core,0.1956947162426614
Non core,0.3913894324853229
Core,0.3086419753086419
Non core,0.0
Core,0.398406374501992
Non core,0.0
Core,0.5555555555555556
Non core,0.0
Core,0.0
Non core,0.0
Core,0.5434782608695652
Non core,1.0869565217391304
Core,0.0
Non core,0.0
Core,0.0
Non core,0.0
Core,0.0
Non core,0.0
Core,0.0
Non core,0.4385964912280701
Core,0.3703703703703704
Non core,0.0
Core,0.0
Non core,0.0
Core,0.0
Non core,0.3947368421052631
Core,0.1335113484646194
Non core,0.1335113484646194
Core,0.0
Non core,0.0
Core,0.0
Non core,0.0
Core,0.0
Non core,0.0
Core,0.0
Non core,0.0
Core,0.0
Non core,0.0
Core,0.0
Non core,0.0
Core,0.0
Non core,0.0
Core,0.0
Non core,0.0
Core,0.0
Non core,0.3007518796992481
Core,0.1107419712070874
Non core,0.2214839424141749
Core,0.0997008973080757
Non core,0.1994017946161515
Core,0.211864406779661
Non core,0.211864406779661
Core,0.145985401459854
Non core,0.0
Core,0.217391304347826
Non core,0.217391304347826
Core,0.0
Non core,0.628930817610063
Core,0.0
Non core,0.0
Core,0.0
Non core,0.0
Core,5.131761442441054
Non core,5.963938973647712
Core,5.246913580246913
Non core,7.098765432098765
Core,3.9538714991762767
Non core,4.2833607907743
Core,0.9633911368015412
Non core,0.5780346820809248
Core,4.849498327759197
Non core,6.020066889632108
Core,4.778972520908005
Non core,5.734767025089606
Core,6.9747166521360064
Non core,8.892763731473408
Core,2.840909090909091
Non core,1.893939393939394
Core,3.343465045592705
Non core,3.7993920972644375
Core,4.5321637426900585
Non core,4.678362573099415
Core,2.9069767441860463
Non core,0.9689922480620154
Core,6.820276497695852
Non core,7.373271889400922
Core,5.550500454959054
Non core,6.096451319381256
Core,1.6064257028112447
Non core,1.6064257028112447
Core,2.73972602739726
Non core,0.8561643835616438
Core,4.363207547169811
Non core,5.070754716981132
Core,1.550387596899225
Non core,6.821705426356589
Core,1.7488076311605725
Non core,2.5437201907790143
Core,0.5692599620493358
Non core,0.7590132827324478
Core,4.586241276171486
Non core,4.187437686939183
Core,0.7936507936507936
Non core,0.992063492063492
Core,4.9275362318840585
Non core,5.507246376811594
Core,7.369323050556983
Non core,11.053984575835475
Core,6.27420604182804
Non core,8.520526723470178
Core,9.85576923076923
Non core,4.326923076923077
Core,8.08383233532934
Non core,7.884231536926148
Core,9.135200974421435
Non core,5.115712545676005
Core,8.48
Non core,18.88
Core,0.7751937984496124
Non core,0.5813953488372093
Core,4.33996383363472
Non core,3.616636528028933
Core,6.0344827586206895
Non core,10.129310344827584
Core,6.419753086419753
Non core,9.135802469135802
Core,2.1604938271604937
Non core,2.1604938271604937
Core,7.196029776674938
Non core,10.42183622828784
Core,3.869047619047619
Non core,5.654761904761905
Core,3.6931818181818175
Non core,4.261363636363636
Core,3.5398230088495577
Non core,3.834808259587021
Core,4.310344827586207
Non core,6.896551724137931
Core,5.4989816700611
Non core,8.146639511201629
Core,3.669724770642202
Non core,2.4464831804281344
Core,4.4491525423728815
Non core,6.779661016949152
Core,3.8095238095238098
Non core,6.031746031746032
Core,1.6304347826086956
Non core,3.804347826086957
Core,3.022670025188917
Non core,1.7632241813602016
Core,3.874813710879285
Non core,6.259314456035768
Core,2.0746887966804977
Non core,3.734439834024896
Core,1.7937219730941705
Non core,2.914798206278027
Core,0.8928571428571428
Non core,1.7857142857142856
Core,3.3532934131736525
Non core,4.6706586826347305
Core,1.2861736334405145
Non core,2.893890675241157
Core,3.885714285714285
Non core,5.142857142857142
Core,3.992571959145776
Non core,6.778087279480037
Core,3.7846930193439854
Non core,4.96215306980656
Core,6.62739322533137
Non core,5.44918998527246
Core,4.8478015783540025
Non core,4.8478015783540025
Core,5.693430656934306
Non core,3.64963503649635
Core,5.893536121673003
Non core,9.505703422053232
Core,1.2195121951219512
Non core,0.6097560975609756
Core,5.8171745152354575
Non core,7.202216066481995
Core,8.709677419354838
Non core,18.70967741935484
Core,2.380952380952381
Non core,2.7777777777777777
Core,7.878787878787878
Non core,13.636363636363637
Core,4.414261460101868
Non core,8.149405772495756
Core,4.545454545454546
Non core,5.681818181818182
Core,5.46875
Non core,8.203125
Core,5.426356589147287
Non core,9.043927648578812
Core,6.965174129353234
Non core,13.681592039800991
Core,4.705882352941177
Non core,2.7450980392156863
Core,5.190311418685121
Non core,7.497116493656286
Core,4.302325581395349
Non core,7.906976744186046
Core,2.795698924731183
Non core,6.666666666666667
Core,3.374233128834356
Non core,1.8404907975460123
Core,4.72972972972973
Non core,7.77027027027027
Core,2.729528535980149
Non core,5.707196029776675
Core,2.406417112299465
Non core,2.941176470588235
Core,1.1363636363636365
Non core,1.893939393939394
Core,3.557312252964427
Non core,5.665349143610013
Core,1.2605042016806722
Non core,4.201680672268908
Core,4.551201011378002
Non core,6.826801517067003
Core,4.704704704704705
Non core,7.4074074074074066
Core,4.203935599284437
Non core,4.919499105545618
Core,7.528641571194762
Non core,5.073649754500818
Core,4.6650717703349285
Non core,2.9904306220095696
Core,6.862745098039216
Non core,3.594771241830065
Core,7.126948775055679
Non core,11.804008908685969
Core,2.0
Non core,2.4
Core,5.782312925170068
Non core,8.16326530612245
Core,3.35195530726257
Non core,5.027932960893855
Core,8.118081180811808
Non core,13.653136531365314
Core,3.7037037037037033
Non core,5.925925925925927
Core,3.010752688172043
Non core,4.086021505376344
Core,5.82010582010582
Non core,10.582010582010582
Core,5.9375
Non core,10.3125
Core,6.017191977077363
Non core,12.607449856733524
Core,4.18848167539267
Non core,2.094240837696335
Core,3.5024154589371985
Non core,5.917874396135265
Core,3.075030750307503
Non core,6.888068880688807
Core,1.9559902200489
Non core,5.134474327628362
Core,4.724409448818897
Non core,2.3622047244094486
Core,3.745318352059925
Non core,7.677902621722846
Core,2.6627218934911245
Non core,5.621301775147929
Core,2.6490066225165565
Non core,4.304635761589404
Core,0.5025125628140703
Non core,0.5025125628140703
Core,2.849002849002849
Non core,5.128205128205128
Core,2.409638554216868
Non core,6.024096385542169
Core,3.3647375504710637
Non core,5.652759084791386
Core,3.444676409185804
Non core,6.05427974947808
Core,2.585410895660203
Non core,3.508771929824561
Core,6.283662477558348
Non core,4.488330341113106
Core,4.269081500646831
Non core,2.975420439844761
Core,5.008944543828265
Non core,3.2200357781753133
Core,6.532663316582915
Non core,9.798994974874372
Core,3.35195530726257
Non core,2.793296089385475
Core,7.111111111111111
Non core,10.222222222222223
Core,4.395604395604396
Non core,5.494505494505495
Core,0.8849557522123894
Non core,1.327433628318584
Core,0.7050528789659225
Non core,1.0575793184488838
Core,5.063291139240507
Non core,8.860759493670885
Core,2.202643171806168
Non core,4.405286343612335
Core,2.2222222222222223
Non core,2.9629629629629632
Core,7.462686567164178
Non core,1.4925373134328357
Core,1.0554089709762533
Non core,1.3192612137203166
Core,0.8032128514056224
Non core,1.4725568942436411
Core,0.6711409395973155
Non core,2.684563758389262
Core,2.985074626865672
Non core,2.985074626865672
Core,1.1111111111111112
Non core,2.2222222222222223
Core,2.232142857142857
Non core,3.125
Core,1.6129032258064515
Non core,2.1505376344086025
Core,0.0
Non core,0.0
Core,0.8130081300813009
Non core,1.3008130081300813
Core,7.317073170731707
Non core,14.634146341463412
Core,0.7496251874062968
Non core,1.199400299850075
Core,0.6666666666666667
Non core,1.4444444444444444
Core,0.5982053838484547
Non core,0.9970089730807578
Core,1.6985138004246283
Non core,1.6985138004246283
Core,1.1661807580174928
Non core,0.7288629737609329
Core,1.9522776572668112
Non core,1.084598698481562
Core,1.5673981191222568
Non core,2.8213166144200628
Core,5.357142857142857
Non core,1.7857142857142856
Core,4.098360655737705
Non core,5.737704918032787
Core,3.4608378870673957
Non core,5.46448087431694
Core,2.9946524064171123
Non core,4.171122994652406
Core,7.07070707070707
Non core,7.07070707070707
Core,4.573170731707317
Non core,10.670731707317072
Core,6.741573033707865
Non core,11.235955056179774
Core,5.235602094240837
Non core,4.18848167539267
Core,3.878787878787879
Non core,6.666666666666667
Core,3.296703296703297
Non core,6.593406593406594
Core,1.9230769230769231
Non core,4.807692307692308
Core,5.038759689922481
Non core,2.713178294573644
Core,3.690036900369003
Non core,7.195571955719557
Core,2.932551319648094
Non core,6.158357771260997
Core,2.5889967637540456
Non core,3.883495145631068
Core,0.4901960784313725
Non core,0.9803921568627452
Core,3.248587570621469
Non core,4.661016949152542
Core,2.2988505747126435
Non core,4.597701149425287
Core,3.6048064085447264
Non core,5.34045393858478
Core,3.907074973600845
Non core,7.497360084477296
Core,3.061224489795918
Non core,4.081632653061225
Core,5.903398926654741
Non core,5.545617173524151
Core,4.269081500646831
Non core,3.751617076326003
Core,5.555555555555555
Non core,3.942652329749104
Core,6.565656565656567
Non core,11.868686868686869
Core,2.6881720430107525
Non core,2.6881720430107525
Core,7.111111111111111
Non core,12.88888888888889
Core,5.69620253164557
Non core,8.589511754068715
Core,2.380952380952381
Non core,3.2467532467532463
Core,3.9655172413793114
Non core,6.379310344827586
Core,3.3653846153846154
Non core,5.929487179487179
Core,2.869757174392936
Non core,1.1037527593818983
Core,5.629770992366412
Non core,6.393129770992366
Core,3.9923954372623576
Non core,6.4638783269961975
Core,2.2288261515601784
Non core,2.674591381872214
Core,2.8901734104046244
Non core,1.1560693641618496
Core,3.959131545338442
Non core,6.257982120051085
Core,1.487603305785124
Non core,3.3057851239669422
Core,2.1164021164021163
Non core,2.1164021164021163
Core,0.6451612903225806
Non core,0.2150537634408602
Core,3.5978835978835977
Non core,4.973544973544974
Core,0.6818181818181818
Non core,1.1363636363636365
Core,4.737384140061792
Non core,6.282183316168897
Core,5.167958656330749
Non core,8.2687338501292
Core,5.094043887147335
Non core,5.956112852664576
Core,7.402760351317441
Non core,3.638644918444166
Core,6.707317073170732
Non core,4.776422764227642
Core,7.187894073139975
Non core,2.900378310214376
Core,5.401234567901234
Non core,7.4074074074074066
Core,0.6622516556291391
Non core,0.4415011037527593
Core,4.048582995951417
Non core,3.643724696356275
Core,1.740139211136891
Non core,1.740139211136891
Core,3.7267080745341614
Non core,4.3478260869565215
Core,3.574975173783516
Non core,4.270109235352533
Core,1.99764982373678
Non core,0.8225616921269095
Core,9.772727272727272
Non core,9.772727272727272
Core,7.800891530460624
Non core,8.543833580980683
Core,2.469135802469136
Non core,2.9439696106362776
Core,2.9702970297029703
Non core,0.88008800880088
Core,4.404145077720207
Non core,5.008635578583765
Core,1.2195121951219512
Non core,4.2682926829268295
Core,1.6842105263157894
Non core,3.052631578947368
Core,1.0465116279069768
Non core,0.4651162790697674
Core,6.382978723404255
Non core,6.304176516942474
Core,0.5966587112171837
Non core,1.0739856801909309
Core,5.735849056603773
Non core,6.113207547169811
Core,10.10600706713781
Non core,11.519434628975263
Core,12.965616045845271
Non core,17.478510028653297
Core,13.27188940092166
Non core,5.529953917050691
Core,11.935483870967742
Non core,9.112903225806452
Core,11.86752529898804
Non core,5.611775528978841
Core,6.006006006006006
Non core,7.607607607607608
Core,0.5841121495327103
Non core,0.116822429906542
Core,2.924634420697413
Non core,2.3622047244094486
Core,4.065040650406504
Non core,4.878048780487805
Core,3.873239436619718
Non core,5.28169014084507
Core,8.98876404494382
Non core,2.247191011235955
Core,2.219321148825065
Non core,2.4804177545691903
Core,1.8567639257294428
Non core,2.9177718832891246
Core,2.229299363057325
Non core,4.140127388535031
Core,5.095541401273886
Non core,1.910828025477707
Core,2.3706896551724137
Non core,3.4482758620689653
Core,3.292181069958848
Non core,4.526748971193416
Core,2.8708133971291865
Non core,1.9138755980861244
Core,1.0526315789473684
Non core,1.0526315789473684
Core,2.2364217252396164
Non core,2.2364217252396164
Core,4.411764705882353
Non core,7.352941176470589
Core,1.925925925925926
Non core,2.666666666666667
Core,1.65016501650165
Non core,2.31023102310231
Core,1.4822134387351775
Non core,1.7786561264822136
Core,3.7267080745341614
Non core,2.484472049689441
Core,1.849217638691323
Non core,1.2802275960170697
Core,2.9227557411273484
Non core,1.670146137787056
Core,4.2682926829268295
Non core,5.182926829268292
Core,3.7037037037037033
Non core,2.469135802469136
Core,7.913669064748201
Non core,7.194244604316546
Core,4.702970297029703
Non core,9.653465346534654
Core,4.661016949152542
Non core,1.694915254237288
Core,5.238649592549476
Non core,5.820721769499418
Core,3.8777908343125738
Non core,6.815511163337249
Core,1.9867549668874172
Non core,5.298013245033113
Core,3.986710963455149
Non core,2.3255813953488373
Core,3.589743589743589
Non core,6.3247863247863245
Core,2.610966057441253
Non core,5.483028720626632
Core,2.2792022792022792
Non core,3.418803418803419
Core,1.2295081967213115
Non core,0.819672131147541
Core,3.351206434316354
Non core,4.691689008042896
Core,2.3255813953488373
Non core,3.72093023255814
Core,3.826530612244898
Non core,5.612244897959184
Core,3.9078156312625247
Non core,6.012024048096192
Core,3.891402714932127
Non core,4.434389140271493
Core,7.952622673434856
Non core,4.568527918781726
Core,5.328376703841388
Non core,3.3457249070631967
Core,7.118644067796611
Non core,3.5593220338983054
Core,4.310344827586207
Non core,5.818965517241379
Core,1.310043668122271
Non core,2.6200873362445414
Core,6.25
Non core,8.455882352941178
Core,4.3478260869565215
Non core,1.8115942028985508
Core,4.013377926421405
Non core,7.023411371237458
Core,3.695408734602464
Non core,6.4949608062709965
Core,1.4
Non core,4.2
Core,3.188405797101449
Non core,1.7391304347826086
Core,3.3816425120772946
Non core,6.924315619967794
Core,2.3419203747072603
Non core,4.449648711943794
Core,2.0202020202020203
Non core,2.272727272727273
Core,1.4084507042253522
Non core,1.056338028169014
Core,2.802547770700637
Non core,5.222929936305733
Core,1.5444015444015444
Non core,2.702702702702702
Core,4.151404151404151
Non core,5.738705738705739
Core,4.081632653061225
Non core,6.608357628765791
Core,3.9198606271777
Non core,4.006968641114982
Core,7.064364207221351
Non core,3.924646781789639
Core,4.678362573099415
Non core,2.807017543859649
Core,5.477308294209703
Non core,3.286384976525822
Core,5.95482546201232
Non core,7.597535934291582
Core,1.0869565217391304
Non core,0.3623188405797101
Core,5.7507987220447285
Non core,7.348242811501597
Core,2.781456953642384
Non core,1.1920529801324504
Core,1.7287234042553192
Non core,1.0638297872340423
Core,1.6233766233766231
Non core,1.2987012987012987
Core,4.895104895104895
Non core,0.6993006993006993
Core,2.4070021881838075
Non core,1.312910284463895
Core,2.109704641350211
Non core,1.2658227848101269
Core,6.0109289617486334
Non core,4.371584699453552
Core,1.2658227848101269
Non core,0.0
Core,1.7741935483870968
Non core,0.967741935483871
Core,7.4074074074074066
Non core,1.851851851851852
Core,1.7883755588673622
Non core,0.8941877794336811
Core,2.2271714922049
Non core,1.11358574610245
Core,2.004008016032064
Non core,1.002004008016032
Core,4.228329809725159
Non core,0.6342494714587738
Core,3.0791788856304985
Non core,0.7331378299120235
Core,4.57516339869281
Non core,0.8714596949891068
Core,4.361370716510903
Non core,2.1806853582554515
Core,3.0303030303030303
Non core,1.5151515151515151
Core,6.976744186046512
Non core,3.875968992248062
Core,8.047808764940239
Non core,9.56175298804781
Core,2.265705458290422
Non core,2.780638516992791
Core,4.408060453400504
Non core,3.1486146095717884
Core,5.8766859344894025
Non core,7.514450867052023
Core,1.4364640883977902
Non core,3.314917127071823
Core,1.4908256880733946
Non core,2.293577981651376
Core,1.171875
Non core,0.78125
Core,6.8551842330762645
Non core,7.969151670951156
Core,0.8042895442359249
Non core,1.3404825737265416
Core,7.066557107641742
Non core,7.313064913722268
Core,11.136536994660563
Non core,13.272311212814644
Core,10.948396094839609
Non core,9.762900976290098
Core,15.188583078491336
Non core,7.033639143730887
Core,12.585616438356166
Non core,8.21917808219178
Core,12.845849802371545
Non core,4.446640316205533
Core,5.844155844155844
Non core,7.251082251082251
Core,0.655307994757536
Non core,0.5242463958060288
Core,3.286978508217446
Non core,3.666245259165613
Core,1.4462809917355373
Non core,2.6859504132231407
Core,3.666245259165613
Non core,2.781289506953224
Core,5.329457364341085
Non core,7.55813953488372
Core,1.3498312710911136
Non core,3.937007874015748
Core,1.5063731170336037
Non core,1.969872537659328
Core,0.6544502617801047
Non core,0.2617801047120419
Core,10.68627450980392
Non core,19.50980392156863
Core,0.8185538881309686
Non core,1.5006821282401093
Core,6.925675675675675
Non core,9.62837837837838
Core,7.776962582538519
Non core,11.005135730007336
Core,8.641975308641975
Non core,9.25925925925926
Core,11.57684630738523
Non core,6.88622754491018
Core,9.197324414715718
Non core,7.775919732441472
Core,10.206084396467125
Non core,5.103042198233562
Core,5.00544069640914
Non core,7.399347116430903
Core,0.6693440428380187
Non core,1.07095046854083
Core,2.6992287917737787
Non core,4.4987146529562985
Core,2.702702702702702
Non core,1.6216216216216215
Core,2.413273001508296
Non core,4.524886877828054
Core,1.0822510822510822
Non core,2.813852813852814
Core,1.6786570743405276
Non core,3.117505995203837
Core,2.73972602739726
Non core,5.136986301369863
Core,1.6826923076923077
Non core,3.125
Core,0.7067137809187279
Non core,3.180212014134275
Core,1.6055045871559634
Non core,4.357798165137615
Core,2.2644927536231885
Non core,3.0797101449275366
Core,2.071251035625518
Non core,2.568351284175642
Core,2.8694404591104736
Non core,2.008608321377331
Core,2.4229074889867843
Non core,1.4317180616740088
Core,3.2023289665211063
Non core,1.455604075691412
Core,2.177858439201452
Non core,2.540834845735027
Core,1.0101010101010102
Non core,1.3468013468013469
Core,1.9662921348314608
Non core,4.213483146067416
Core,7.0686070686070686
Non core,5.8212058212058215
Core,2.356902356902357
Non core,3.3670033670033668
Core,3.088803088803089
Non core,1.5444015444015444
Core,2.054794520547945
Non core,0.0
Core,3.91566265060241
Non core,2.409638554216868
Core,3.3057851239669422
Non core,2.479338842975207
Core,3.636363636363636
Non core,2.377622377622377
Core,2.7168234064785786
Non core,1.4629049111807733
Core,2.4505183788878417
Non core,0.942507068803016
Core,5.660377358490567
Non core,0.9433962264150944
Core,3.753351206434316
Non core,0.4021447721179624
Core,5.415860735009671
Non core,1.5473887814313347
Core,4.427083333333334
Non core,2.604166666666667
Core,2.985074626865672
Non core,0.0
Core,5.128205128205128
Non core,3.589743589743589
Core,2.023608768971332
Non core,5.396290050590219
Core,2.3255813953488373
Non core,3.9355992844364938
Core,1.072961373390558
Non core,0.2145922746781116
Core,4.394426580921758
Non core,5.894962486602358
Core,0.9153318077803204
Non core,2.2883295194508007
Core,4.756980351602896
Non core,7.0320579110651495
Core,4.8346055979643765
Non core,7.124681933842239
Core,4.055087987758225
Non core,4.590665646518746
Core,6.359102244389027
Non core,4.364089775561098
Core,5.835806132542038
Non core,2.967359050445104
Core,7.750952986022871
Non core,3.5578144853875475
Core,4.833836858006042
Non core,6.042296072507553
Core,1.106194690265487
Non core,0.8849557522123894
Core,3.420523138832998
Non core,4.225352112676056
Core,1.7241379310344829
Non core,3.160919540229885
Core,0.0
Non core,0.4132231404958678
Core,1.5706806282722512
Non core,3.1413612565445024
Core,1.4018691588785046
Non core,2.336448598130841
Core,1.346389228886169
Non core,2.937576499388005
Core,1.1639185257032008
Non core,4.655674102812803
Core,0.8665511265164645
Non core,2.3396880415944543
Core,2.070063694267516
Non core,2.8662420382165608
Core,1.062573789846517
Non core,1.770956316410862
Core,1.8092105263157896
Non core,4.605263157894736
Core,2.3060796645702304
Non core,3.563941299790356
Core,1.7857142857142856
Non core,1.7857142857142856
Core,3.928571428571429
Non core,5.357142857142857
Core,0.5050505050505051
Non core,0.5050505050505051
Core,1.793103448275862
Non core,2.6206896551724137
Core,1.1560693641618496
Non core,2.312138728323699
Core,1.4157014157014158
Non core,2.702702702702702
Core,1.294820717131474
Non core,3.087649402390438
Core,1.5468607825295724
Non core,2.9117379435850776
Core,2.037351443123939
Non core,2.546689303904924
Core,1.8703241895261848
Non core,1.3715710723192018
Core,2.409638554216868
Non core,1.549053356282272
Core,2.277904328018223
Non core,2.9612756264236904
Core,1.06951871657754
Non core,0.0
Core,3.238866396761133
Non core,3.238866396761133
Core,1.1217948717948718
Non core,0.641025641025641
Core,0.0
Non core,0.0
Core,1.0385756676557862
Non core,0.8902077151335311
Core,0.88008800880088
Non core,0.99009900990099
Core,0.7889546351084813
Non core,0.3944773175542406
Core,1.02880658436214
Non core,0.6172839506172839
Core,1.443001443001443
Non core,0.4329004329004329
Core,1.6913319238900637
Non core,0.2114164904862579
Core,1.5015015015015014
Non core,0.6006006006006006
Core,0.0
Non core,0.0
Core,2.1739130434782608
Non core,0.0
Core,0.8333333333333334
Non core,1.5
Core,6.580166821130677
Non core,8.71177015755329
Core,6.54490106544901
Non core,6.316590563165906
Core,6.780870806566738
Non core,6.209850107066381
Core,9.503239740820735
Non core,3.995680345572354
Core,7.562277580071175
Non core,4.804270462633451
Core,8.387799564270153
Non core,4.793028322440087
Core,4.779411764705882
Non core,5.147058823529411
Core,0.8130081300813009
Non core,0.6504065040650406
Core,2.575757575757576
Non core,3.1818181818181817
Core,0.7704160246533128
Non core,1.848998459167951
Core,0.6764374295377678
Non core,1.3528748590755355
Core,0.6054490413723511
Non core,0.8072653884964682
Core,1.30718954248366
Non core,1.7429193899782136
Core,0.8888888888888888
Non core,0.5925925925925926
Core,1.3333333333333337
Non core,1.1111111111111112
Core,1.2987012987012987
Non core,2.272727272727273
Core,2.272727272727273
Non core,2.272727272727273
Core,3.7037037037037033
Non core,7.4074074074074066
Core,6.263982102908278
Non core,8.202833706189411
Core,6.228610540725531
Non core,5.68104038329911
Core,8.978328173374612
Non core,4.850361197110424
Core,7.811158798283261
Non core,5.064377682403434
Core,7.959183673469387
Non core,3.36734693877551
Core,4.872389791183294
Non core,5.220417633410673
Core,0.7473841554559043
Non core,0.2989536621823617
Core,2.8208744710860367
Non core,2.9619181946403383
Core,12.12121212121212
Non core,14.074074074074074
Core,15.892193308550189
Non core,8.828996282527882
Core,14.688796680497926
Non core,14.273858921161825
Core,13.363228699551568
Non core,5.9192825112107625
Core,6.256109481915933
Non core,9.872922776148584
Core,0.4434589800443459
Non core,0.9977827050997782
Core,2.7262813522355507
Non core,5.125408942202835
Core,14.75548060708263
Non core,6.829679595278246
Core,15.081206496519725
Non core,12.838360402165508
Core,13.484087102177556
Non core,6.281407035175879
Core,5.614035087719298
Non core,7.368421052631578
Core,0.3980099502487562
Non core,0.5970149253731344
Core,2.321083172147002
Non core,2.998065764023211
Core,23.50835322195704
Non core,10.381861575178998
Core,28.396946564885496
Non core,8.702290076335878
Core,9.090909090909092
Non core,5.454545454545454
Core,1.2711864406779665
Non core,1.059322033898305
Core,5.263157894736842
Non core,3.313840155945419
Core,21.83098591549296
Non core,8.450704225352112
Core,6.519208381839348
Non core,6.169965075669383
Core,0.5813953488372093
Non core,0.436046511627907
Core,3.314917127071823
Non core,2.9005524861878453
Core,8.333333333333332
Non core,4.393939393939394
Core,0.6423982869379015
Non core,0.2141327623126338
Core,3.9138943248532287
Non core,2.73972602739726
Core,1.2461059190031152
Non core,1.2461059190031152
Core,6.162464985994398
Non core,6.722689075630252
Core,2.479338842975207
Non core,4.958677685950414
