intersect_dev,intersect_rev
9.89010989010989,10.964912280701753
21.951219512195117,12.5
1.949025487256372,2.200956937799043
5.970149253731344,8.219178082191782
6.607929515418503,4.884318766066838
0.0,4.132231404958678
3.3333333333333335,3.908355795148248
5.357142857142858,6.989247311827958
3.763440860215054,5.327868852459016
8.955223880597014,14.606741573033709
3.3557046979865772,2.9702970297029707
2.37467018469657,2.9523809523809526
2.111111111111111,2.350265352539803
2.113821138211382,2.376425855513308
1.5952143569292123,1.9314641744548287
2.2123893805309733,2.966841186736475
3.3970276008492566,3.678929765886288
1.8950437317784257,2.4154589371980677
13.924050632911392,10.416666666666668
5.185185185185185,6.601466992665037
3.0368763557483733,2.843601895734597
4.38871473354232,4.9281314168377826
1.7626321974148063,2.0083102493074794
2.2757697456492636,2.0265003897116136
7.142857142857142,6.666666666666666
9.83606557377049,14.166666666666668
5.405405405405404,8.016877637130802
22.761194029850746,18.3411214953271
17.79359430604982,16.893732970027248
7.738095238095237,4.366812227074235
13.679245283018869,10.902255639097744
16.835016835016834,13.559322033898304
7.733619763694952,8.333333333333332
8.56760374832664,9.796999117387468
5.813953488372093,6.7092651757188495
12.688821752265861,11.450381679389313
2.0202020202020203,3.071672354948805
12.916666666666668,13.865546218487395
16.46586345381526,16.41791044776119
14.669926650366747,11.532125205930805
14.705882352941178,12.419354838709676
8.759124087591239,9.988385598141697
13.271604938271604,13.981762917933128
5.194805194805195,6.91358024691358
7.936507936507937,7.3359073359073355
4.275534441805226,4.8192771084337345
10.340632603406325,10.846560846560847
10.642781875658589,10.021629416005766
8.583690987124463,8.956521739130434
7.476635514018692,7.792980368828079
8.60805860805861,8.498583569405099
12.56830601092896,11.717171717171718
9.067017082785808,9.863429438543246
14.285714285714286,13.651315789473685
0.0,0.7936507936507936
14.885496183206106,11.68091168091168
11.055276381909547,9.302325581395348
12.771739130434783,11.882998171846435
11.602209944751381,10.42031523642732
26.43051771117166,22.02486678507993
9.68096809680968,9.205298013245033
9.013398294762485,8.791208791208792
13.829787234042554,12.482662968099861
1.5957446808510638,1.694915254237288
17.32851985559567,12.919896640826874
17.507418397626115,17.579908675799086
14.22413793103448,10.99290780141844
4.788732394366198,4.970178926441352
18.35294117647059,17.922948073701846
13.493975903614459,14.871794871794872
15.33149171270718,18.98148148148148
18.691588785046726,15.485996705107084
3.7681159420289854,3.6511156186612572
11.170212765957446,9.45945945945946
18.01801801801802,17.061611374407583
19.30010604453871,19.88873435326843
12.167300380228138,15.101070154577883
11.386696730552423,15.460776846915461
6.6350710900473935,8.602150537634408
12.474437627811861,16.304347826086957
1.881720430107527,5.128205128205129
18.84297520661157,22.876557191392976
13.902439024390244,15.130434782608695
18.874773139745916,19.342105263157897
15.978456014362656,16.728167281672818
18.75,17.597087378640776
12.354651162790699,17.4373795761079
11.475409836065573,9.847198641765704
4.375,7.79816513761468
6.722689075630252,7.212475633528265
6.206896551724139,9.131905298759865
17.570498915401302,20.29897718332022
17.52873563218391,21.322537112010792
9.988249118683902,16.412213740458014
12.744265080713678,15.906562847608454
11.11111111111111,13.195201744820064
15.217391304347826,20.034843205574916
13.656884875846501,18.13186813186813
19.20415224913495,22.053231939163496
16.632016632016633,19.968553459119498
0.5602240896358543,1.153846153846154
15.180722891566264,16.695957820738137
9.041095890410958,7.364341085271318
13.409961685823756,15.555555555555554
14.97797356828194,18.837209302325583
17.830882352941174,20.02503128911139
14.313534566699126,17.062766605728214
13.559322033898304,17.289719626168225
19.865319865319865,21.140939597315437
2.2222222222222223,1.99203187250996
15.935334872979215,15.097402597402597
19.62421711899791,19.06202723146747
13.624678663239074,9.75609756097561
20.0,22.014388489208628
9.395973154362416,11.442786069651742
14.396887159533074,15.60693641618497
9.632224168126093,9.731543624161073
21.544715447154474,18.862275449101794
10.37037037037037,6.153846153846153
19.42857142857143,14.847161572052403
19.771863117870723,20.054945054945055
6.236323851203502,6.806282722513089
7.894736842105264,9.683257918552037
8.071748878923767,7.473309608540926
14.046822742474916,15.723270440251575
1.1904761904761905,4.247104247104247
11.597374179431071,13.18840579710145
20.0,21.768707482993197
13.212435233160623,15.178571428571427
15.012106537530265,12.33108108108108
9.514563106796116,11.313868613138684
8.064516129032258,11.003236245954692
6.181818181818182,9.264305177111716
12.41830065359477,8.849557522123895
6.266318537859007,8.319738988580749
8.560794044665013,9.668755595344672
9.227467811158798,8.654545454545454
7.703703703703704,8.629893238434164
6.679389312977099,6.8427370948379345
10.433070866141733,8.259587020648969
9.737827715355806,10.040983606557377
5.97609561752988,8.174178762414057
14.832535885167463,15.20979020979021
0.0,2.7777777777777777
19.02654867256637,16.129032258064516
13.85542168674699,14.15525114155251
16.06060606060606,16.23246492985972
8.30188679245283,8.37742504409171
15.508021390374331,14.111498257839724
7.341490545050055,7.728181212524984
8.417085427135678,8.676140613313388
13.544018058690744,13.062409288824384
6.0,4.522613065326633
19.591836734693878,17.391304347826086
20.930232558139537,19.851116625310176
18.877551020408163,18.067226890756302
1.541425818882466,2.952029520295203
10.869565217391305,11.3561190738699
1.7857142857142856,1.8633540372670807
10.434782608695652,15.65272496831432
3.595890410958904,4.571428571428571
7.142857142857142,10.846812559467175
1.3282732447817835,2.1990740740740735
11.095700416088766,13.640469738030713
9.433962264150942,13.605947955390336
8.372093023255815,6.458797327394209
4.292527821939586,8.333333333333334
3.875968992248062,4.24757281553398
3.2128514056224895,6.328059950041632
14.193548387096774,18.351577591757888
18.423307626392457,22.5
8.773678963110669,15.563957151858855
14.794732765298217,19.35162094763092
10.51373954599761,13.863060016906172
14.182692307692307,19.81534090909091
15.968063872255488,21.788715486194477
4.734848484848484,3.7259615384615383
9.210526315789473,10.87360594795539
14.250913520097441,20.470896010464358
27.36,32.91404612159329
15.867480383609415,20.54054054054054
11.646951774340309,16.328828828828826
1.356589147286822,1.608910891089109
8.237232289950576,9.2274678111588
12.345679012345677,13.929313929313931
7.956600361663654,5.924170616113743
1.2648221343873518,1.4347202295552368
7.539984767707541,6.737918215613383
14.398848092152628,14.177777777777777
6.317411402157164,5.989705194197473
15.115511551155114,18.63149216817807
6.943396226415095,6.40074211502783
12.921348314606742,12.483458314953683
1.1980830670926517,1.0081613058089296
4.488188976377953,3.0534351145038165
8.642911296436695,7.409111826967326
26.90839694656489,31.821829855537715
18.600583090379008,22.263177294507926
17.030812324929972,24.611581920903955
24.8377581120944,28.733459357277887
11.588235294117647,16.8796992481203
2.954545454545454,2.3266635644485807
6.808199121522694,8.554964539007091
1.3375295043273012,2.1687883074021688
10.974778459441037,13.908974904296045
22.073342736248236,22.681318681318682
6.666666666666668,5.868544600938967
10.374029640084686,10.083663584324086
7.389502762430939,8.86509635974304
11.08786610878661,11.246200607902736
20.556552962298028,25.116025116025117
10.359116022099446,11.96763202725724
9.149902660609992,13.93841166936791
6.0583941605839415,4.234527687296417
3.6764705882352944,4.883614787768142
2.218700475435816,1.9990480723465014
4.595336076817558,7.199665131854331
18.208778173190986,21.007751937984498
22.82921219091432,26.67164736645499
3.885804916732752,4.752851711026615
10.877403846153847,18.690521507422915
19.508284339925172,27.23183391003461
10.825082508250823,10.778947368421052
12.772998014559894,16.922471467926016
16.050878255602665,23.48117778606038
12.535211267605634,12.9973474801061
8.48708487084871,8.872458410351202
0.395882818685669,0.7608178792201616
5.958747135217724,5.221445221445222
2.590266875981162,2.1894336030461683
7.214285714285714,8.355205599300088
13.101604278074866,19.35853379152348
10.952040085898354,12.522045855379186
20.19619157530294,26.85920577617329
13.264722698684965,20.503597122302157
13.277428371767995,15.047291487532242
0.6304176516942473,0.7659167065581618
6.010518407212621,5.451213925790197
9.940652818991097,9.576427255985267
4.243827160493828,3.320683111954459
11.119293078055964,10.853769300635786
6.896551724137931,6.787330316742081
8.945260347129507,11.101163831692032
7.7519379844961245,6.430868167202572
15.243902439024389,13.92156862745098
1.4705882352941178,4.545454545454546
10.88560885608856,11.981020166073547
9.09090909090909,9.734513274336283
6.472491909385114,7.5
9.424083769633507,7.421875
6.730769230769232,7.608695652173913
10.545454545454547,9.807355516637479
11.40443505807814,9.019327129563349
7.909604519774011,8.695652173913043
7.142857142857142,6.474396703943496
8.925318761384336,8.22695035460993
11.449016100178891,10.41041041041041
8.020698576972833,7.916355489171024
14.14141414141414,10.276679841897234
17.977528089887638,14.90566037735849
9.498207885304659,8.354866494401378
18.434343434343436,15.736040609137056
7.165775401069519,7.161458333333334
9.89010989010989,8.571428571428571
5.376344086021505,5.333333333333334
20.0,13.970588235294118
11.607142857142858,11.29032258064516
12.280701754385964,11.988304093567251
8.521303258145362,12.542955326460483
16.06217616580311,18.58108108108108
4.81283422459893,6.519337016574585
3.549382716049382,5.194197473093121
14.473684210526315,14.803625377643506
8.133971291866029,11.775043936731109
12.121212121212121,7.344632768361582
12.5,13.36405529953917
14.462809917355372,13.821138211382113
5.402010050251256,7.109375
4.648390941597139,6.4491654021244305
2.302631578947368,5.074821080026025
4.461371055495103,6.958393113342898
4.809052333804809,6.982990152193375
7.9787234042553195,6.741573033707866
12.639405204460967,10.995850622406639
2.3255813953488373,4.545454545454546
7.029478458049888,9.455587392550143
7.677902621722847,9.488139825218477
17.02127659574468,20.070422535211264
10.56910569105691,13.565891472868216
7.547169811320755,9.40766550522648
8.168316831683168,9.090909090909092
3.518267929634641,4.62563700509604
8.06845965770171,9.662576687116564
5.835010060362173,9.113001215066829
8.0,9.764309764309763
4.958677685950414,6.666666666666666
8.94308943089431,10.628019323671499
6.03448275862069,8.193979933110368
5.283018867924529,9.22242314647378
5.831533477321815,7.496360989810771
13.23529411764706,20.833333333333336
4.393939393939394,6.73758865248227
4.347826086956522,5.505685218432077
3.9761431411530817,4.824561403508771
7.662082514734774,9.647302904564315
3.683492496589359,6.6310975609756095
7.804878048780488,10.120068610634648
11.347517730496454,15.104166666666668
0.9009009009009008,3.535353535353535
12.682926829268293,13.953488372093023
16.153846153846153,9.90566037735849
5.204460966542751,8.322981366459627
7.142857142857143,11.485148514851485
6.138613861386138,7.8291814946619205
9.749303621169917,10.189982728842832
4.157303370786517,6.312292358803987
5.498721227621483,7.164179104477613
7.142857142857142,10.434782608695652
10.0,6.111111111111111
14.864864864864865,14.454277286135692
13.986013986013987,19.18158567774936
15.384615384615387,13.793103448275863
8.282208588957054,11.652542372881356
3.9893617021276597,5.1652892561983474
18.90660592255125,16.101694915254235
25.268817204301072,27.26063829787234
14.485981308411215,15.167548500881834
16.032608695652172,18.428437792329277
17.897091722595082,15.397631133671744
3.856749311294766,4.016913319238901
11.479591836734693,9.163346613545817
17.787418655097614,16.451612903225808
17.17921527041357,18.652482269503544
17.453798767967143,18.3206106870229
13.434247871333962,15.830815709969787
17.998075072184793,18.97810218978102
12.388392857142858,15.50925925925926
6.34920634920635,7.706422018348624
13.346613545816734,15.607734806629836
1.5306122448979589,3.544776119402985
18.269230769230766,21.136363636363637
15.990453460620524,15.232974910394265
18.453427065026364,18.55807743658211
14.457831325301205,16.9811320754717
19.5578231292517,17.574257425742577
12.820512820512821,15.60693641618497
12.825651302605213,11.942959001782533
5.05050505050505,7.523510971786834
6.10079575596817,7.056451612903226
5.833333333333333,7.840909090909091
16.227608008429925,18.524332810047095
16.014897579143387,17.81456953642384
8.808290155440414,13.846153846153847
10.023041474654377,14.6991622239147
11.51615575807788,14.531336661120354
12.073863636363637,11.85510428100988
13.846153846153845,17.560553633217992
12.131147540983607,16.907216494845358
19.19191919191919,20.870678617157488
19.096509240246405,20.77922077922078
0.7999999999999999,1.8072289156626504
15.31322505800464,14.973262032085561
8.311688311688311,7.0
15.283018867924529,16.107382550335572
15.229885057471265,17.546583850931675
16.607773851590103,17.647058823529413
13.61904761904762,15.904936014625228
12.939958592132506,14.871116986120292
19.639934533551553,21.184510250569478
2.3809523809523805,2.4948024948024954
15.521064301552105,12.195121951219512
20.081135902636916,19.069767441860467
12.165450121654501,10.76320939334638
21.611001964636543,21.37628111273792
2.619414483821264,1.6441005802707929
2.029312288613303,1.755725190839695
1.4127144298688195,1.124297314178638
3.0501089324618738,2.469135802469136
1.4814814814814814,1.4551333872271626
2.4444444444444446,1.8112488083889418
3.5714285714285716,2.916666666666666
4.545454545454546,6.818181818181818
11.11111111111111,9.090909090909092
12.244897959183673,12.264150943396228
6.70391061452514,5.415162454873647
17.70334928229665,12.307692307692308
12.941176470588236,13.333333333333334
4.555808656036446,3.5254237288135593
5.676855895196507,4.730368968779565
6.818181818181818,9.444444444444445
12.941176470588236,9.82800982800983
4.4642857142857135,4.4303797468354436
11.304347826086957,8.433734939759036
7.127882599580714,5.46875
6.415094339622643,7.207207207207206
4.824561403508771,6.093189964157706
12.264150943396228,16.528925619834713
4.733727810650888,4.878048780487805
6.892067620286086,5.362182502351835
6.277533039647578,4.43609022556391
5.974842767295598,4.788732394366198
5.237154150197629,3.908188585607941
7.172995780590717,6.429780033840948
7.894736842105264,5.786026200873362
5.077574047954866,4.712460063897764
1.0416666666666663,2.631578947368421
13.333333333333334,13.28125
12.627986348122867,8.695652173913043
7.20164609053498,4.267161410018552
12.797619047619047,9.780439121756487
5.923344947735192,3.9889958734525446
6.719367588932807,4.73970473970474
7.070707070707071,8.421052631578947
15.942028985507246,10.70110701107011
15.613382899628252,11.176470588235295
23.28767123287671,15.789473684210524
7.462686567164178,8.518518518518519
10.048622366288493,10.062893081761004
23.943661971830984,21.354166666666668
7.446808510638299,5.343511450381679
17.48878923766816,11.409395973154362
8.130939809926083,9.108402822322
10.785619174434089,12.073490813648295
8.48708487084871,4.507042253521127
16.568047337278106,18.060836501901143
2.2935779816513766,4.953560371517028
17.505995203836928,17.627677100494232
13.003663003663004,13.75722543352601
8.379888268156424,9.283819628647214
6.153846153846155,9.30232558139535
7.142857142857142,8.24742268041237
8.49056603773585,8.27178729689808
11.270983213429258,11.551724137931034
11.099585062240664,10.38135593220339
8.333333333333334,10.445205479452056
8.22550831792976,8.892815076560659
10.431654676258994,10.75862068965517
12.105263157894736,10.221793635486982
7.858048162230672,9.030837004405287
0.9950248756218906,1.3937282229965158
12.037037037037038,12.323943661971832
16.577540106951872,17.14801444043321
10.387323943661972,9.535864978902953
17.433414043583536,14.738510301109349
9.110396570203644,8.6340206185567
10.22864019253911,10.28985507246377
3.414634146341464,3.3582089552238807
22.69503546099291,19.6969696969697
27.914110429447852,19.739696312364423
17.21311475409836,14.006514657980459
1.832460732984293,2.134646962233169
11.124694376528115,9.992254066615027
17.278617710583156,20.255863539445627
9.215442092154422,8.522283033620015
18.86973180076628,25.769956002514142
10.253317249698433,9.083910700538876
1.7310252996005326,1.5728476821192054
6.459948320413436,4.64926590538336
10.059171597633135,9.879336349924586
22.284345047923324,27.083333333333332
18.269947800149144,26.406101048617735
10.898965791567223,16.8586387434555
3.7575757575757573,4.012588512981904
8.144796380090497,10.006997900629813
1.683937823834197,2.707006369426752
13.293051359516618,19.035029742233974
8.852867830423941,8.333333333333332
13.354700854700855,14.054813773717498
8.341915550978374,11.670020120724345
14.255765199161425,16.126809097174363
9.776536312849162,16.007194244604317
8.447488584474886,5.8229813664596275
4.61361014994233,7.733131159969674
3.4165571616294352,3.3469387755102042
4.820512820512821,7.261146496815287
20.064464141821112,24.79155086158977
25.326170376055256,33.01587301587301
10.45267489711934,19.45628997867804
21.019553072625698,28.67647058823529
12.64367816091954,14.118412491867272
14.818355640535373,20.761245674740486
18.639798488664987,26.67706708268331
15.873015873015873,18.07313642756681
10.767468499427263,11.286681715575622
0.2621231979030144,0.8935824532900082
9.67741935483871,8.235294117647058
4.280155642023346,3.420195439739414
9.190371991247265,9.58904109589041
14.990328820116051,24.254143646408842
15.054945054945055,18.96306818181818
20.980091883614087,29.264705882352942
13.34355828220859,20.693020985846754
17.932489451476794,19.853431045969355
1.8421052631578947,1.0699588477366255
8.224076281287248,6.661676646706586
12.788018433179724,12.584269662921349
6.935687263556116,4.919354838709678
15.499425947187142,16.196136701337295
2.252816020025031,2.2435897435897436
12.455516014234876,11.778290993071593
9.047619047619047,8.812260536398467
19.514472455648928,24.7239263803681
11.072261072261071,9.689629068887207
2.162849872773537,1.6142050040355125
6.806930693069306,4.780876494023904
11.63594470046083,10.70631970260223
19.66126656848306,25.65543071161049
14.915797914995991,20.618007458710707
4.8009367681498825,4.961240310077519
8.624454148471616,12.40364400840925
1.854140914709518,3.03975058456742
18.052738336713993,22.11858760826116
8.700834326579262,8.545034642032332
17.89924973204716,18.214285714285715
10.986775178026448,13.133333333333333
16.391752577319586,18.08803301237964
10.727272727272727,16.94411414982164
6.8034557235421165,5.4421768707483
3.8419319429198677,6.681350954478708
3.121098626716604,3.3439490445859876
4.738400789733465,8.470290771175726
20.10997643362137,24.49425915800984
20.98408104196816,26.540755467196817
13.2895816242822,22.00751476113795
19.40700808625337,24.97793468667255
12.813370473537603,15.300193673337638
17.758784425451093,25.206124852767964
18.91891891891892,28.81002087682672
18.495297805642636,19.566736547868622
14.448236632536972,13.609022556390977
0.3745318352059924,0.870942201108472
10.67146282973621,9.542280837858806
4.4609665427509295,3.497615262321144
12.472885032537961,13.176144244105409
16.28787878787879,25.813568670711525
17.278617710583156,18.871866295264624
19.044117647058826,25.246363209760677
18.146417445482864,24.62686567164179
17.940876656472987,20.778364116094988
1.4981273408239701,1.1235955056179776
9.479768786127167,8.166295471417968
13.616071428571429,11.880466472303207
6.867469879518073,4.79559748427673
15.725359911406423,16.923076923076923
1.9883040935672516,2.127659574468085
15.986099044309297,19.66950959488273
7.807486631016043,7.9973992197659305
1.2987012987012987,1.3783597518952448
9.572901325478645,16.517647058823528
2.925243770314193,3.1620553359683794
6.0606060606060606,9.397590361445783
1.2672811059907834,2.334889926617745
7.5046904315197,11.31195335276968
7.972858354537744,15.352038115404975
4.4,3.9456662354463132
3.089598352214212,5.446485117162761
2.800466744457409,2.5118805159538358
4.007455731593662,7.111111111111111
16.728076639646282,21.711491442542787
18.045112781954888,24.40234551195309
9.367859862909366,19.127516778523493
17.190506735086593,25.785123966942148
9.766637856525495,13.26530612244898
14.19753086419753,20.267489711934157
18.01096319498825,25.821596244131456
0.46783625730994144,1.0197144799456153
2.8636884306987396,2.6440677966101696
7.163886162904809,9.696609161213564
14.247551202137133,21.847507331378296
9.606147934678194,13.887240356083087
15.368711233631977,24.50302506482282
11.568488289567068,19.533655961284644
0.8130081300813008,0.8910212474297463
5.584826132771338,6.645367412140576
8.056394763343404,9.874213836477988
4.20353982300885,4.180714767363453
2.570694087403599,2.1240441801189465
10.332541567695962,9.800796812749004
17.409766454352443,18.790496760259177
10.467980295566502,9.430894308943088
14.014466546112116,20.331695331695332
17.151162790697672,21.871476888387825
11.990407673860911,9.824281150159745
6.311881188118812,8.57843137254902
18.29652996845426,18.359941944847606
2.3498694516971277,1.6295025728987995
6.8354430379746836,4.549283909014322
13.230035756853397,11.769352290679304
19.055118110236222,24.460810099947395
20.982839313572544,24.37759336099585
15.208034433285508,21.73507462686567
20.16188373804268,23.620089507707608
16.378600823045268,21.53163152053274
5.415162454873646,5.523495465787304
10.783200908059023,12.252384446074835
1.385390428211587,2.8854080791426218
17.91967044284243,21.310344827586206
18.51851851851852,18.331226295828067
9.168704156479217,8.617886178861788
17.37242128121607,15.654718361375274
12.13389121338912,13.41719077568134
15.625,15.949188426252647
19.209956709956714,22.01132201132201
14.476386036960985,16.643929058663026
12.582159624413144,18.164794007490638
6.010928961748634,5.511182108626198
3.807390817469204,5.508798775822494
3.329065300896287,3.291139240506329
5.786802030456854,8.597883597883598
19.936457505957108,24.463276836158194
21.544117647058826,25.41856925418569
5.216284987277353,7.35171261487051
13.59466221851543,20.625342841470104
19.577080491132335,25.306678782371648
11.985018726591761,13.227513227513228
17.178502879078692,23.02158273381295
18.23432343234323,26.0
16.876310272536685,17.012151536812006
13.709677419354838,13.238770685579198
0.1275510204081632,1.1804384485666104
10.24390243902439,8.427876823338737
5.236270753512132,3.5413153456998314
14.722222222222223,17.643352236925015
11.135371179039302,11.76470588235294
15.693779904306218,22.33924611973393
13.39001062699256,15.897799858055357
17.388114453411593,23.160892263882296
20.806451612903228,26.48283038501561
16.24106230847804,18.716216216216218
1.7948717948717947,1.1945392491467577
10.739856801909308,9.24170616113744
15.758980301274622,13.255813953488373
8.094645080946451,5.179615705931495
16.326530612244895,15.741444866920151
1.927437641723356,2.3255813953488373
10.633727175080558,10.236220472440944
19.62338949454906,20.961281708945258
8.951965065502183,9.117221418234443
19.05594405594406,26.174895895300416
9.872611464968154,9.084457061745919
1.841196777905639,1.5837104072398192
6.900452488687783,4.623415361670395
10.515247108307046,10.125698324022347
31.45884270578647,36.206896551724135
24.30398796087284,28.514056224899598
20.211267605633804,28.21461609620722
12.222222222222223,17.95386158475426
3.059071729957806,5.025491624180627
8.35010060362173,10.084580351333768
1.342281879194631,2.6200873362445414
13.169845594913713,19.02106567534077
8.043478260869566,7.76978417266187
14.424007744433688,14.973614775725594
11.079545454545455,12.547288776796972
13.815789473684209,15.705128205128204
10.356536502546689,17.36150770988007
9.063136456211813,6.232091690544412
5.112474437627812,7.088255733148019
3.064699205448354,3.0483271375464684
4.958677685950413,7.765830346475508
23.54294478527607,26.470588235294123
24.839857651245552,31.963927855711425
4.858757062146893,7.026627218934911
12.021439509954057,20.39775624681285
21.89349112426035,28.91832229580574
12.684622067767158,14.198659354052406
17.19858156028369,23.205342237061764
19.65678627145086,27.927927927927925
14.071294559099439,17.275097783572363
11.247443762781188,12.131837307152875
0.6818181818181819,0.9636767976278724
8.531317494600433,8.459869848156181
4.049493813273341,3.2689450222882614
9.59843290891283,10.967741935483872
16.859946476360392,26.414087513340455
14.96062992125984,18.24769433465086
21.240199572344977,28.771602055114435
15.367965367965368,20.604651162790695
15.794392523364486,19.86258588382261
1.3590033975084939,1.2772351615326822
8.315789473684209,7.291666666666666
12.589559877175025,11.776859504132233
6.835722160970231,4.716285924834192
15.235173824130879,15.738831615120276
14.466815809097689,19.897435897435898
11.90965092402464,17.51007613076579
13.828689370485037,21.1623499684144
12.875536480686694,20.726495726495727
11.326530612244898,20.87463556851312
10.092807424593968,13.819286256643888
1.046337817638266,1.446480231436837
5.782792665726375,4.9440298507462686
5.785123966942149,5.223880597014925
6.013986013986013,6.01295097132285
2.054794520547945,6.25
12.889812889812891,10.691003911342893
5.723905723905723,6.538461538461539
4.633204633204633,6.012658227848101
4.179728317659352,4.922850844966936
6.325301204819278,5.672461116193961
3.393025447690858,3.627569528415961
6.603773584905661,8.620689655172413
4.1554959785522785,5.551211884284597
6.963249516441006,5.823475887170155
7.031250000000001,5.935251798561151
2.985074626865672,4.411764705882353
8.717948717948717,5.392156862745098
6.046511627906977,3.439153439153439
9.438775510204081,14.520098441345365
6.312292358803987,6.113537117903929
2.0491803278688527,3.416856492027335
9.914529914529913,12.717948717948719
8.093994778067884,7.331975560081466
5.698005698005698,8.133086876155268
6.3559322033898304,6.172839506172839
7.284768211920531,8.717948717948717
11.059371362048893,14.832925835370823
9.919839679358716,11.866666666666667
8.04289544235925,12.310151878497201
8.325791855203619,11.527541169789892
12.521150592216582,15.518824609733702
8.674101610904586,13.960113960113961
14.356435643564357,17.357910906298002
10.677966101694917,13.402889245585875
10.129310344827587,12.920592193808883
10.693301997649822,12.97446514837819
3.930131004366812,2.3498694516971277
14.705882352941178,11.510791366906474
0.0,1.8691588785046729
1.9287833827893173,3.3395176252319114
1.8701870187018699,3.2544378698224854
1.7628205128205128,2.933088909257562
1.183431952662722,2.8117359413202934
1.646090534979424,4.16221985058698
1.875901875901876,3.4536891679748827
1.9027484143763216,3.8567493112947657
2.1021021021021022,3.5315985130111525
0.0,1.8518518518518516
2.1739130434782608,3.389830508474576
3.5264483627204033,4.769736842105263
11.764705882352942,18.436703483432453
15.40084388185654,13.604488078541374
3.385416666666667,3.1613976705490847
11.463414634146343,8.507223113964688
16.082474226804123,14.247311827956988
10.818181818181818,16.259238203524728
13.85809312638581,18.440233236151602
6.5359477124183005,5.76923076923077
11.977186311787072,17.682926829268297
1.951219512195122,3.95738203957382
12.694877505567929,11.095100864553315
14.166666666666666,16.136114160263446
18.914473684210524,18.20175438596491
11.080711354309166,16.28721541155867
5.615942028985508,6.47887323943662
4.247104247104247,7.957559681697613
5.263157894736842,6.119162640901771
6.504065040650406,8.241206030150753
13.779128672745694,19.387755102040817
14.054054054054056,19.41139636819036
8.93854748603352,15.722379603399434
12.059064807219032,16.09317098994177
12.36111111111111,13.902681231380337
12.398921832884097,19.34189406099518
13.943355119825707,17.847938144329895
17.60904684975767,20.31425364758698
0.2518891687657431,1.6
16.179775280898877,12.518195050946144
6.585365853658537,6.420545746388443
14.72727272727273,14.53287197231834
12.141882673942703,18.813314037626625
12.956810631229235,16.97699890470975
10.473588342440802,15.801483171705648
10.657370517928285,15.25633106856084
17.896389324960754,21.138211382113823
1.75,2.138157894736842
13.17991631799163,11.141304347826088
18.83495145631068,18.050065876152832
10.574712643678161,7.596899224806201
3.4205231388329977,3.4482758620689653
15.178571428571429,13.064713064713064
21.95845697329377,20.402010050251256
13.518518518518519,12.594458438287154
15.212264150943398,16.37065637065637
14.638447971781304,12.287104622871045
22.238372093023255,19.817073170731707
2.669404517453799,2.8050490883590458
10.671936758893281,7.201086956521739
17.876106194690266,15.053763440860216
17.51196172248804,17.423312883435585
18.080149114631872,17.796610169491522
12.60647359454855,15.834675254965111
17.713787085514834,18.66977829638273
11.992071357779981,14.871116986120292
4.409171075837742,4.545454545454545
12.703583061889251,14.074074074074074
2.3575638506876224,2.9754204398447612
17.302452316076295,18.7102633969119
11.743119266055047,11.335012594458437
17.725258493353028,14.969450101832992
13.381294964028775,14.91658488714426
18.0,15.85603112840467
13.349084465445955,13.258110014104371
16.223776223776223,16.15881809787627
11.178614823815309,15.92920353982301
10.289389067524116,8.08457711442786
3.8772213247172864,6.064073226544623
4.183266932270916,4.183535762483131
6.162464985994397,7.887579329102448
15.879017013232513,16.811207471647766
16.808873720136518,18.336262448740477
7.524752475247525,9.605263157894736
10.450819672131146,17.24832214765101
13.174114021571649,16.40585562847047
12.177121771217713,12.0
12.755716004813477,15.942028985507246
11.553398058252428,16.917519566526188
19.39655172413793,20.30456852791878
17.95302013422819,17.682198327359618
0.6024096385542168,1.7687074829931977
13.138686131386862,10.336239103362391
7.3558648111332,5.434782608695652
13.622291021671828,13.203684749232345
12.257281553398057,14.856020942408378
15.316642120765831,14.437984496124031
14.734088927637314,17.296113847837983
13.140726933830383,17.587641117052883
20.112517580872012,19.944852941176467
2.4096385542168672,1.9444444444444444
13.181019332161688,11.363636363636363
20.57335581787521,17.5990675990676
11.026615969581748,8.032128514056225
18.910256410256412,16.430903155603918
8.904109589041095,10.880829015544041
8.551483420593367,8.129175946547885
16.141732283464567,20.18633540372671
10.68702290076336,8.241758241758243
13.259668508287291,11.453744493392072
15.613382899628252,16.666666666666664
5.223068552774755,6.57030223390276
6.8965517241379315,7.5134168157423975
5.803571428571429,7.7490774907749085
11.221122112211221,12.215320910973084
2.469135802469136,4.838709677419354
10.178117048346056,11.013986013986013
11.347517730496454,10.26936026936027
7.4856046065259125,9.036144578313252
10.702341137123746,15.624999999999996
4.727272727272727,6.830601092896174
10.526315789473685,9.25925925925926
6.613756613756614,7.389162561576354
7.797029702970297,8.870967741935484
7.757704569606801,7.770515613652868
5.393586005830904,6.978798586572438
5.193578847969782,5.419892793329362
6.500956022944551,5.53935860058309
7.578558225508317,9.01639344262295
6.149732620320855,6.757782839787396
1.3888888888888888,2.415458937198068
14.224137931034484,12.540192926045016
8.823529411764707,11.627906976744185
14.501510574018127,14.0
9.404990403071018,7.495590828924161
10.025706940874036,9.880749574105621
6.070640176600442,6.706507304116865
6.311881188118813,7.206537890044576
5.442176870748299,5.319148936170213
16.06425702811245,16.176470588235293
17.26384364820847,20.050761421319798
14.5,14.830508474576273
5.47112462006079,6.496519721577727
18.316831683168317,17.15867158671587
14.358974358974358,17.0873786407767
13.286713286713287,15.5893536121673
18.96551724137931,17.037037037037038
5.0473186119873805,3.5128805620608903
11.647727272727273,10.176991150442477
20.531400966183575,16.666666666666668
9.895337773549002,11.796407185628741
11.7169373549884,15.298804780876493
6.516290726817043,8.266129032258064
14.130434782608695,14.723032069970845
2.0172910662824206,4.123711340206185
17.428087986463623,18.13953488372093
12.18274111675127,14.700193423597678
15.213358070500927,15.032679738562093
21.36279926335175,21.29380053908356
10.650887573964496,15.461847389558233
6.570841889117043,7.037037037037037
5.309734513274336,7.614213197969543
6.906906906906906,7.8475336322869955
6.871609403254973,7.793764988009593
14.98371335504886,17.64705882352941
15.465898174831892,15.113182423435418
13.308457711442784,16.853932584269664
10.714285714285715,12.193763919821828
11.194029850746269,12.80558789289872
15.789473684210527,18.67633726201269
13.264129181084199,15.454545454545453
20.28985507246377,19.04127829560586
0.6024096385542168,2.008928571428572
15.856777493606138,14.643545279383428
10.355029585798817,7.5388026607538805
17.87941787941788,16.428571428571427
13.303437967115098,15.914489311163896
19.37984496124031,19.784656796769852
12.20703125,12.310491206791994
14.551422319474835,15.143246930422919
18.244406196213426,18.457943925233643
3.3132530120481927,2.784222737819025
19.25,16.78832116788321
22.048997772828507,16.7479674796748
12.398921832884097,10.021321961620469
22.601279317697227,23.650793650793652
4.320987654320987,5.2521008403361344
17.617866004962778,15.213675213675215
4.180064308681672,2.7600849256900215
9.028571428571427,12.123493975903614
4.785894206549118,4.701627486437613
11.206896551724139,13.0968622100955
2.6785714285714284,4.190476190476191
10.134128166915053,13.092979127134726
5.809128630705393,6.896551724137931
4.708520179372197,6.269592476489029
6.116207951070336,6.952965235173824
5.434782608695652,7.7892325315005735
11.228813559322035,12.593703148425787
10.770659238625813,12.659033078880409
8.023952095808383,12.631578947368421
8.746846089150546,11.009174311926605
9.523809523809524,10.01088139281828
12.076583210603829,14.201183431952662
9.695603156708005,13.395847287340924
7.374631268436579,6.036217303822937
13.64562118126273,13.811420982735724
9.343065693430656,11.887072808320951
15.399239543726235,15.489467162329618
7.954545454545453,9.797101449275363
9.841269841269842,12.19195849546044
1.8292682926829267,2.3206751054852326
15.555555555555555,12.355848434925866
16.163793103448274,16.030534351145036
13.019390581717452,10.714285714285714
3.581267217630854,4.61847389558233
11.273209549071618,14.618834080717487
17.972350230414747,13.584288052373157
4.022988505747127,2.857142857142857
11.64021164021164,8.317214700193425
17.857142857142858,15.590551181102363
10.965323336457358,14.958283671036948
11.460674157303371,12.949101796407184
5.336426914153131,3.6332179930795845
12.601626016260163,13.2
1.5915119363395225,3.656307129798903
15.04424778761062,12.949640287769785
10.683760683760685,12.954333643988818
5.996131528046421,5.436573311367381
4.338842975206612,5.438066465256798
5.479452054794521,5.232558139534884
6.164383561643836,6.896551724137932
12.5129265770424,15.128593040847202
13.456221198156683,14.440894568690098
9.048723897911833,14.739229024943311
11.194653299916457,12.75787187839305
13.991163475699558,14.682981090100114
11.126564673157162,14.632107023411372
11.466372657111357,15.120967741935484
0.554016620498615,0.9727626459143968
18.7192118226601,14.86013986013986
8.64864864864865,6.627680311890837
15.057915057915057,16.005291005291006
10.84507042253521,15.082956259426847
17.272727272727273,17.097170971709716
11.132075471698112,12.920353982300885
10.133060388945752,12.251443232841567
0.8130081300813009,1.8145161290322582
16.055045871559635,12.680577849117174
20.459290187891437,16.07142857142857
12.060301507537687,8.442776735459663
1.380262249827467,1.315265045834994
7.599193006052454,6.462984723854289
12.897077509529861,12.660135644310476
6.377204884667571,5.2507836990595615
14.72684085510689,17.402135231316727
7.718120805369127,5.806703039750584
14.613911933631144,13.137852246763138
1.1821974965229485,0.8386581469648562
4.338842975206612,2.7059291683247118
7.27994705493051,6.494008504058756
19.879187259747393,23.08203254732647
20.49891540130152,23.815833057303742
17.31066460587326,23.16806984720923
22.3579394583112,25.15538109257442
13.315217391304348,18.456375838926174
3.5475234270415,3.068450039339103
9.435215946843854,10.384615384615385
1.1651816312542838,1.9298936589208346
10.596833130328868,14.10162002945508
6.033898305084746,4.735812133072407
10.25802391441158,9.894657637321295
8.126550868486351,8.853783982365908
10.278637770897834,10.318047337278106
15.598705501618122,16.057838660578387
10.064743967039435,14.726756564939672
6.766428106701367,3.9047247169074586
4.444444444444445,4.980694980694981
2.0718232044198897,2.029446876243534
4.898958971218616,6.538049303322616
20.63053097345133,22.850208044382804
22.897937599153888,25.06561679790026
2.9553264604811,4.208019055180627
12.881732370905052,19.27873272665993
23.547400611620795,29.560543787543473
11.197141155449673,11.346224005837286
13.770294648226098,18.76750700280112
16.75915649278579,24.46666666666667
11.277258566978194,11.37298915076693
9.29466051417271,7.802795031055901
0.3445899379738111,0.6738010305192231
6.0606060606060606,4.896200548374461
2.6785714285714284,1.78359096313912
8.687258687258687,10.106382978723405
13.87038158691702,21.058020477815703
10.069664344521849,11.808950733358406
20.73365231259968,27.38750404661703
16.864224137931032,21.99935296020705
11.323076923076922,12.618181818181817
1.1042097998619738,0.7177033492822966
6.245847176079735,4.892141756548536
9.293193717277488,7.855217558721602
5.266757865937072,3.134920634920635
10.194805194805195,9.529276693455799
1.289134438305709,1.145311381531854
7.2245635159542445,6.002824858757062
11.37656427758817,12.161699212058924
5.615942028985508,4.872881355932203
16.675869685256764,18.878566688785668
30.734154126766988,36.36873073690109
6.183115338882282,5.265005265005265
3.38368580060423,4.7534586732884
11.317567567567567,11.81724493301271
0.9876543209876543,0.7893792608539647
3.85793018983466,2.394567548248749
6.564163217031343,5.888501742160279
28.060671722643555,31.03448275862069
20.511534603811434,23.98273736128237
19.378338999514327,25.600711954909528
20.161290322580644,23.375
26.527494908350306,28.880526810912514
11.790823877651702,17.17357910906298
2.6128266033254155,2.57859413634758
5.664739884393063,7.718579234972678
1.2217470983506413,1.7357421183138504
10.45353982300885,13.944088918827886
12.660944206008583,14.136467515507672
5.310802655401328,4.519774011299435
9.332579185520363,9.08781484002723
6.651884700665189,7.8737541528239205
8.939478067740144,9.630872483221477
27.610693400167083,34.04309252217997
9.460211463550362,11.09630123292236
8.9798087141339,14.114211550940947
5.991855730075625,3.953406283092128
4.340175953079179,5.073477956613016
1.6544117647058827,1.6779721528025706
3.497267759562842,5.9014267185473415
18.932527693856997,22.07336523125997
25.879396984924625,28.68363179390512
3.4504004929143557,4.1159627773801
11.033099297893681,18.5058896466212
26.150121065375302,32.26682764865681
9.635974304068522,10.64676616915423
14.530386740331494,18.772213247172857
19.383490073145243,25.9956099090624
10.754504504504505,11.487179487179485
7.5438596491228065,7.027972027972028
0.3063725490196077,0.5698005698005698
5.465465465465465,4.664310954063604
2.1328458257160268,1.8207782934666192
12.722371967654986,14.45901639344262
5.70944036178632,7.6818950930626055
14.246119733924608,20.547514159848966
11.181923522595596,12.15564738292011
23.900960080848915,28.588844864370618
14.74609375,20.864381520119228
11.35982092893117,12.812812812812812
0.7960808328230251,0.6086645184389545
5.014749262536873,4.66411416637661
8.499413833528722,8.018207282913165
3.92749244712991,2.817403708987161
9.186046511627907,9.350017379214458
6.15748963883955,6.337535014005603
4.383561643835616,5.0
15.837104072398189,13.859910581222058
20.454545454545453,21.73913043478261
13.20754716981132,13.312693498452013
11.936339522546419,15.649183147033535
15.659955257270694,13.24404761904762
21.025641025641026,23.87332521315469
4.261363636363637,2.5134649910233393
10.335917312661499,7.547169811320757
15.367965367965368,13.295615275813295
12.770339855818744,15.567282321899736
14.545454545454547,16.449086161879897
11.64319248826291,14.253005151688608
13.644859813084112,16.417910447761194
12.148481439820024,17.000742390497404
5.76036866359447,7.246376811594203
15.734989648033126,17.737789203084834
2.1052631578947367,4.448105436573312
14.826498422712934,20.39957939011567
14.975845410628018,13.166144200626958
16.083916083916087,17.354368932038835
12.931034482758623,14.659090909090907
14.545454545454543,13.953488372093023
11.874105865522175,17.231897341888175
11.71717171717172,10.46875
5.154639175257733,6.545961002785516
5.978260869565218,6.086956521739131
7.020547945205479,8.898305084745763
15.295358649789032,19.026217228464418
14.127423822714682,17.150063051702396
8.179419525065963,11.833333333333332
9.375,15.188953488372093
11.240632805995006,14.591127739176908
11.764705882352942,12.962962962962964
14.366998577524893,19.534497090606816
11.159737417943106,17.802779616148246
14.80263157894737,15.073115860517435
18.012422360248447,16.57223796033994
0.546448087431694,1.9130434782608692
12.211981566820276,9.200603318250376
6.824146981627297,5.862068965517241
13.39622641509434,14.702308626974483
12.82051282051282,16.874541452677917
12.456747404844291,14.109742441209406
13.640730067243036,15.780245470485095
12.136929460580912,15.511760966306422
15.175718849840255,17.23076923076923
1.891891891891892,2.3255813953488373
14.831460674157302,10.488505747126437
18.29268292682927,17.15076071922545
12.468827930174564,8.952702702702704
14.90566037735849,17.161290322580644
3.203661327231121,2.029769959404601
11.789038262668045,19.092755585646582
1.2875536480686698,3.5487959442332064
7.419898819561551,5.82639714625446
6.2611806797853315,6.997742663656886
11.959287531806616,17.569124423963135
10.289389067524116,16.6996699669967
8.645753634276971,14.970355731225297
10.723192019950126,19.454679439941046
8.803165182987142,17.61533852606351
11.30876747141042,18.006644518272424
10.876132930513595,15.134099616858238
1.9911504424778763,1.7520215633423182
7.645875251509054,6.563706563706564
3.7383177570093458,4.0
4.283965728274174,4.397537379067723
0.4132231404958678,3.375527426160337
4.885057471264368,5.915492957746479
5.819592628516004,4.62962962962963
4.712041884816753,4.454148471615721
3.206239168110919,3.4177961107837365
4.936305732484077,4.378109452736318
2.833530106257379,3.5740878629932986
6.414473684210526,4.786771105308965
5.870020964360586,6.0606060606060606
3.571428571428571,4.571428571428571
9.285714285714285,10.344827586206897
3.4682080924855487,3.448275862068966
4.1184041184041185,5.4191363251481794
1.0101010101010102,4.482758620689655
4.382470119521912,6.189151599443672
4.413793103448276,5.733558178752108
4.45859872611465,6.334310850439882
4.5840407470288635,6.442307692307692
3.2418952618453867,7.016248153618907
3.95869191049914,6.677937447168217
5.239179954441914,9.033280507131536
1.06951871657754,1.687763713080169
6.477732793522266,8.275862068965516
9.25925925925926,11.842105263157894
2.682563338301043,3.122043519394513
5.594405594405594,8.433734939759036
1.2658227848101269,3.4965034965034962
3.719912472647702,4.204993429697766
3.375527426160338,6.250000000000001
10.382513661202186,12.955465587044534
2.922077922077922,3.435114503816794
3.9735099337748343,4.351939451277199
3.3407572383073503,3.3132530120481927
2.741935483870968,3.2894736842105265
3.006012024048096,2.8535980148883375
4.862579281183933,4.845814977973569
3.812316715542522,3.2721468475658417
5.446623093681917,3.943661971830986
6.5420560747663545,6.175298804780876
2.7925531914893615,3.018575851393189
4.545454545454545,3.6144578313253017
10.852713178294573,11.971830985915492
3.886925795053003,3.0737704918032787
5.963302752293579,8.333333333333332
4.324324324324324,4.181184668989546
7.876712328767123,12.301587301587302
6.93815987933635,9.49367088607595
3.896103896103896,5.445544554455445
4.796163069544365,5.927051671732523
5.344202898550725,8.091787439613526
4.8076923076923075,7.13276836158192
4.63960231980116,7.676348547717843
4.878048780487805,8.903020667726551
3.854625550660793,7.672955974842767
4.657933042212518,8.002832861189802
4.71869328493648,7.21533258173619
2.3569023569023573,2.439024390243903
6.179775280898877,4.528985507246377
2.1447721179624666,1.8181818181818183
14.37962202136401,19.664545980335454
7.5566750629722925,6.330275229357799
1.953125,3.2051282051282053
13.391136801541425,19.56815114709852
4.751381215469613,4.895104895104895
3.784403669724771,6.25
5.046343975283213,8.025568181818182
24.40884820747521,28.329694323144103
14.824335904027421,21.73403632103105
20.711297071129707,26.71792407496396
22.22222222222222,28.905206942590123
20.804794520547944,27.91221159257175
17.292490118577078,26.424242424242422
13.095238095238095,16.576715497301464
17.60956175298805,22.872340425531917
1.1795543905635648,1.4285714285714286
6.953223767383059,5.4680259499536605
26.195286195286194,32.45214220601641
24.721189591078073,30.17751479289941
28.96265560165975,34.56855479089465
19.28251121076233,29.60924600990644
16.12903225806452,17.635402906208718
1.441241685144124,1.2908124525436597
7.851690294438386,5.156950672645739
8.13953488372093,10.884353741496598
13.705583756345177,13.758389261744966
8.378378378378379,13.78026070763501
10.982658959537572,13.703703703703702
5.703422053231939,8.362779740871613
6.511627906976745,12.37458193979933
11.267605633802816,12.307692307692308
11.2,16.091954022988507
7.929515418502204,10.263929618768328
5.766710353866318,7.016129032258064
4.444444444444445,6.755695208169678
3.5632183908045976,5.083612040133779
3.8067349926793557,6.180811808118081
4.9079754601226995,10.550458715596331
7.5396825396825395,8.628318584070797
1.0101010101010102,2.955665024630542
6.280193236714976,9.75609756097561
16.049382716049383,19.277108433734938
6.818181818181818,10.612244897959183
3.966005665722379,7.550644567219154
5.194805194805195,6.151142355008787
4.661016949152542,7.421383647798742
9.50413223140496,14.170040485829958
4.716981132075473,6.25
8.51063829787234,10.778443113772456
4.658385093167702,7.8711985688729875
4.817708333333333,7.678075855689176
4.405286343612335,7.020164301717699
4.120443740095087,5.839416058394161
3.5573122529644268,5.330882352941177
3.3684210526315788,4.341085271317829
6.6115702479338845,9.98914223669924
4.0,6.945540647198105
5.6701030927835046,9.124087591240876
8.045977011494251,11.797752808988763
0.0,6.622516556291391
5.851063829787234,9.124087591240876
9.174311926605506,10.526315789473685
6.101694915254237,7.453416149068323
7.6923076923076925,7.254361799816346
5.539358600583091,8.196721311475411
4.9237983587338805,6.648389307745031
3.6601307189542482,6.259541984732825
6.388206388206388,9.11854103343465
5.9523809523809526,8.88888888888889
9.313725490196079,8.860759493670887
10.112359550561798,17.87709497206704
10.135135135135137,11.675126903553302
6.291390728476822,9.523809523809524
2.3333333333333335,1.6299137104506232
15.291936978683967,22.406639004149376
12.861491628614916,21.85877466251298
12.990720913633119,23.847601128880527
13.498920086393088,24.402840542285347
12.366548042704625,24.26067907995619
13.18082788671024,24.745356500898744
9.926470588235293,14.502657555049353
1.4634146341463414,1.1439466158245948
5.757575757575758,5.194805194805195
21.585160202360875,27.22620266120778
27.919566898685233,38.220918866080154
19.765494137353436,28.390860476421977
12.982456140350877,15.410385259631491
0.9950248756218906,0.8089607965152457
5.319148936170214,3.992628992628993
1.8181818181818183,1.2367491166077738
11.01956745623069,12.553495007132668
4.046242774566474,4.049844236760125
10.344827586206897,11.407766990291261
0.8602150537634408,2.7463651050080773
10.217113665389526,11.682650392327812
4.793388429752066,4.881656804733728
4.232804232804233,6.973500697350071
3.9735099337748343,4.081632653061225
4.903417533432393,6.076210092687951
12.022900763358777,13.561741613133476
13.436692506459949,16.395494367959948
8.571428571428571,13.519313304721031
11.05015673981191,14.209686003193188
11.041405269761606,13.56466876971609
11.483739837398375,15.94014313597918
5.627705627705627,4.230118443316413
9.294871794871794,10.514018691588785
10.08827238335435,12.800565770862804
12.80864197530864,14.205816554809843
14.285714285714285,17.1293561724749
10.456273764258555,12.353304508956146
1.1037527593818983,1.056338028169014
7.692307692307692,5.718954248366013
33.89021479713604,38.15104166666667
37.099236641221374,41.137855579868706
14.545454545454547,17.428817946505603
2.3305084745762716,1.8952062430323302
8.57699805068226,6.015037593984962
30.281690140845072,38.67235079171742
12.68917345750873,17.85467128027682
1.0174418604651163,0.9646302250803858
6.2154696132596685,4.976303317535545
3.532608695652174,5.316973415132924
15.616438356164384,18.878504672897197
17.767653758542142,13.157894736842104
3.380281690140845,2.8925619834710745
12.073490813648293,9.05511811023622
17.660044150110373,17.419354838709676
13.13035204567079,17.113276492082825
11.646136618141096,14.645308924485128
6.25,5.5160142348754455
10.912698412698413,13.002680965147453
1.5706806282722512,3.696857670979667
10.185185185185185,9.81387478849408
14.111498257839724,14.987714987714988
21.792618629173987,23.037323037323038
12.356321839080458,15.186246418338108
5.333333333333334,5.666666666666666
5.371900826446281,8.125
5.691056910569105,6.5476190476190474
5.39629005059022,6.823266219239374
15.17386722866175,16.885119506553586
15.622076707202993,17.125984251968504
9.375,15.950920245398773
13.220338983050848,14.864115363283418
13.226744186046513,14.65324384787472
14.204545454545455,17.167381974248926
11.64835164835165,15.964673913043478
0.2724795640326975,1.383399209486166
16.2291169451074,15.425531914893618
7.957559681697612,7.341269841269841
15.355086372360844,14.756258234519104
12.500000000000002,15.853658536585368
18.181818181818183,18.9937106918239
13.75,16.05839416058394
12.136929460580912,15.115511551155116
21.996615905245346,24.70862470862471
2.7247956403269753,3.0991735537190084
14.831460674157304,12.077294685990339
19.01840490797546,15.868263473053892
10.81081081081081,9.578544061302683
6.302521008403361,7.876712328767124
18.51851851851852,15.80188679245283
18.51851851851852,22.4
11.700468018720748,13.559322033898304
20.43343653250774,21.393034825870643
7.174887892376681,5.30035335689046
14.559386973180075,13.099041533546325
25.38699690402477,25.118483412322277
9.494324045407637,10.519563822963438
11.840411840411841,13.699825479930192
6.774193548387098,7.3770491803278695
17.438692098092645,17.765567765567766
1.9607843137254903,3.4383954154727796
19.52191235059761,18.80108991825613
14.473684210526317,16.623376623376622
23.502304147465438,19.655172413793103
15.570175438596491,17.01112877583466
19.703389830508474,18.309859154929576
12.758620689655173,15.898617511520737
7.594936708860759,9.595959595959595
6.111111111111111,9.821428571428571
8.713692946058092,9.77198697068404
7.343412526997841,8.477011494252874
15.292712066905615,15.135608048993873
12.259371833839918,11.228070175438596
9.078771695594124,10.998307952622675
8.53548966756514,9.223584354932866
10.714285714285715,10.887096774193548
13.232830820770518,12.778315585672797
8.957055214723926,10.646108663729809
22.055674518201283,18.67088607594937
0.4184100418410041,2.287581699346405
17.704918032786885,16.237113402061855
10.714285714285714,11.074918566775246
19.143576826196472,18.97163120567376
11.222780569514237,10.92436974789916
16.258351893095767,17.29559748427673
9.32642487046632,10.335917312661497
10.685249709639955,11.480144404332131
18.363273453093814,19.34156378600823
3.3195020746887964,4.181184668989547
22.364217252396166,18.94484412470024
26.81564245810056,21.86836518046709
14.94661921708185,14.110429447852761
23.96907216494845,25.992063492063494
0.0,2.631578947368421
0.5870841487279843,1.2121212121212122
1.6304347826086956,2.8688524590163933
0.0,1.6666666666666667
0.3007518796992481,0.946969696969697
0.0,4.0
0.4385964912280701,2.010050251256281
0.0,0.8130081300813009
0.3086419753086419,1.0121457489878545
0.0,1.4511873350923483
0.0,2.604166666666667
0.0,0.3937007874015747
0.0,1.0101010101010102
0.0,1.568627450980392
0.3947368421052631,1.0299625468164793
0.3322259136212623,0.9737827715355803
0.0,0.7497656982193065
0.2991026919242272,0.6157635467980296
0.0,0.3412969283276451
0.423728813559322,1.310043668122271
0.145985401459854,0.7936507936507936
0.0,1.96078431372549
0.3703703703703704,1.4018691588785046
0.434782608695652,0.7441860465116279
0.628930817610063,1.1928429423459244
0.0,0.7534246575342466
0.2670226969292388,1.317829457364341
0.0,8.771929824561402
0.5555555555555556,1.568627450980392
0.398406374501992,1.812688821752266
0.0,0.7462686567164178
8.280254777070063,10.76923076923077
9.137931034482758,8.59375
21.428571428571427,15.773809523809526
7.586206896551724,6.4171122994652405
17.391304347826086,14.349775784753362
20.599250936329586,17.857142857142854
6.5359477124183005,7.194719471947194
7.523939808481531,7.788719785138765
5.982905982905983,5.755395683453237
12.258064516129032,11.934156378600823
1.1428571428571428,5.64516129032258
15.625,11.75438596491228
8.143939393939393,9.14560770156438
7.547169811320755,6.687898089171974
5.28169014084507,10.084033613445378
9.146341463414634,11.737089201877934
3.7593984962406015,5.977382875605816
9.158415841584159,9.442446043165468
8.926673751328375,8.546384222059897
5.763688760806916,7.345132743362832
7.449856733524356,7.459066100667071
10.077519379844961,9.00900900900901
9.814814814814813,9.783728115345005
7.047872340425531,9.486780715396577
0.641025641025641,0.9433962264150944
15.294117647058826,10.0
15.727002967359049,12.598425196850393
8.598130841121495,8.726625111308994
17.37967914438503,13.508771929824562
8.0,7.481629926519706
8.34371108343711,7.594936708860759
3.105590062111801,3.6269430051813476
18.110236220472444,14.080459770114942
20.454545454545453,12.826603325415677
18.226600985221676,14.705882352941178
11.764705882352942,14.102564102564102
4.5925925925925934,4.0913415794481445
7.0063694267515935,5.142857142857142
8.94308943089431,7.160493827160494
2.1052631578947367,2.7027027027027026
5.818965517241379,5.006587615283268
7.818930041152264,8.173076923076923
4.784688995215311,6.390977443609022
11.235955056179776,11.304347826086957
6.369426751592356,4.198473282442747
4.699738903394255,3.5547240411599628
3.9603960396039604,3.1484257871064467
4.472843450479233,3.470919324577861
3.260869565217391,2.402957486136784
6.211180124223603,3.6876355748373104
3.1294452347083928,2.44672454617206
9.154929577464788,8.705882352941178
4.592901878914404,3.1569173630454967
9.451219512195122,6.97211155378486
4.774535809018568,3.568657874321179
6.172839506172839,7.142857142857142
15.107913669064747,14.7887323943662
2.434077079107505,3.7604456824512535
10.225303292894282,11.501210653753027
16.642754662840744,21.363173957273652
11.851851851851853,11.125
15.375446960667462,20.25620496397117
14.570858283433134,16.715542521994134
12.85211267605634,11.272727272727273
15.23545706371191,18.22759315206445
2.7196652719665275,2.535211267605634
7.198443579766538,6.377204884667572
11.73469387755102,11.655011655011654
18.4645286686103,22.765273311897104
16.37372802960222,16.857314870559904
13.385146804835923,17.01086956521739
19.21708185053381,21.788715486194477
10.00981354268891,13.490504256712509
3.368794326241135,4.974489795918368
8.931419457735247,11.770833333333332
1.5873015873015872,3.129074315514994
12.847682119205297,17.2972972972973
15.617433414043585,16.55683690280066
7.719928186714542,8.518518518518519
14.868804664723033,15.876288659793815
11.126961483594865,13.424124513618676
13.314840499306518,13.81957773512476
11.892208553016989,13.241525423728813
12.757201646090536,13.496376811594203
8.894230769230768,13.877874702616971
5.451713395638628,5.4945054945054945
4.448105436573312,6.960556844547563
4.684317718940937,4.638472032742156
4.755244755244755,6.564748201438849
15.355450236966824,16.47765176784523
15.548003398470687,19.230769230769234
4.500978473581213,6.701030927835053
8.970438328236494,14.454664914586072
13.88455538221529,17.698209718670075
10.121951219512194,10.087719298245615
13.170731707317074,15.496017378711077
13.432835820895523,17.679222357229648
15.287517531556801,17.882117882117882
13.029315960912054,14.485981308411215
0.6134969325153375,1.226158038147139
9.892086330935252,10.401002506265662
7.2727272727272725,6.052269601100413
10.51829268292683,11.324570273003033
12.11750305997552,16.822429906542055
14.666666666666664,17.83567134268537
12.672413793103448,17.926089354660782
11.884865366759517,15.573770491803279
15.9122085048011,19.047619047619044
1.4170040485829958,1.6736401673640167
9.482758620689655,9.069493521790342
14.239482200647252,12.935883014623172
9.108159392789375,7.076101468624833
15.251572327044023,17.290748898678416
4.247104247104247,3.7128712871287126
9.89010989010989,13.466135458167333
4.927536231884058,4.048582995951417
2.464788732394366,3.2119914346895073
10.305958132045088,13.83838383838384
6.791569086651055,7.766990291262136
4.292929292929293,7.167832167832168
6.159420289855072,6.2645011600928076
5.6,7.616707616707616
11.036789297658864,12.882953652788688
10.689990281827015,11.067708333333334
8.02547770700637,11.171450737005431
7.926829268292682,10.05524861878453
10.989010989010989,13.204225352112676
7.485380116959064,11.354309165526676
8.763693270735525,12.314886983632112
13.552361396303901,13.481675392670157
10.19036954087346,11.670020120724345
1.4492753623188404,2.4390243902439024
13.099041533546327,11.538461538461538
12.727272727272727,16.97530864197531
0.8565310492505352,1.231060606060606
6.653620352250488,5.447830101569714
2.4922118380062304,2.484472049689441
12.88515406162465,9.441233140655106
1.6706443914081146,1.040943789035392
11.849056603773583,17.358130662851693
3.85038503850385,3.815261044176707
8.074534161490682,10.76260762607626
1.5116279069767442,2.704530087897228
9.412780656303973,14.80106100795756
5.487804878048781,4.599211563731932
4.7368421052631575,6.5891472868217065
2.8202115158636896,2.9614325068870526
5.413105413105414,9.002849002849002
19.545454545454543,24.760463943519916
21.62544169611307,28.83983090652889
12.68715524034673,21.794871794871796
30.44412607449857,38.05834092980857
18.801843317972352,24.09188034188034
21.048387096774192,30.445423396965246
3.480278422273782,2.9532967032967035
7.8450844091360485,9.718056388722257
17.47930082796688,24.2728184553661
13.613613613613612,15.956151035322778
16.344725111441306,23.717948717948723
0.7009345794392523,0.9702009702009702
5.286839145106862,4.436860068259386
2.319236016371078,1.6522423288749015
16.554054054054056,23.428264373992477
6.447534766118837,6.202143950995406
0.9162303664921465,2.3413897280966767
12.887596899224805,18.764845605700714
5.286839145106862,3.779069767441861
3.4762456546929315,5.46486870120653
4.132231404958678,8.029647930821493
18.782098312545855,23.043893129770993
30.19607843137255,34.06976744186046
17.901234567901234,25.43782837127846
18.46307385229541,25.01447596988998
16.97324414715719,25.049999999999997
15.309126594700686,23.216187433439828
12.404787812840043,14.85148514851485
1.7402945113788486,1.2529365700861395
7.197943444730077,4.434250764525994
3.8560411311053984,3.927986906710311
13.929040735873851,18.06615776081425
15.13859275053305,13.80281690140845
2.902374670184697,3.0
11.386138613861387,8.360128617363344
18.29787234042553,14.594594594594595
12.534818941504177,18.36616454229432
11.353711790393014,16.01143674052895
4.55531453362256,5.007363770250368
10.227272727272727,13.294117647058822
1.9851116625310175,3.338391502276176
11.383928571428571,11.773255813953488
14.527027027027028,14.657980456026056
17.957166392092255,19.555555555555557
10.273972602739725,15.505226480836239
6.0773480662983435,6.346967559943582
5.128205128205128,6.982872200263504
5.897435897435897,5.627009646302251
5.194805194805195,8.585858585858585
15.647668393782382,17.86743515850144
15.504587155963304,19.136960600375236
10.12514220705347,15.417256011315416
13.62876254180602,16.048728813559322
12.482468443197757,12.919132149901383
13.443072702331964,16.379310344827587
13.92543859649123,17.265725288831838
0.5141388174807198,1.1182108626198082
16.972477064220186,14.222222222222221
6.965174129353233,6.612903225806452
15.129151291512915,14.566473988439306
13.351877607788595,16.31205673758865
16.84027777777778,18.18181818181818
13.666352497643732,15.555555555555557
11.178247734138974,16.209476309226932
1.01010101010101,2.145214521452145
13.859275053304904,12.242090784044017
18.395303326810176,15.803108808290155
11.007025761124122,7.788161993769471
7.438016528925621,3.4188034188034186
8.379888268156424,9.663865546218487
21.771217712177123,17.615176151761517
8.433734939759038,5.172413793103448
9.01749663526245,9.850483729111698
7.086614173228346,5.9375
16.25,13.051823416506718
1.0050251256281406,4.067796610169491
11.42322097378277,10.057803468208093
8.284023668639053,7.954545454545454
6.953642384105961,7.0904645476772625
6.282722513089006,7.604562737642585
7.090464547677262,7.186544342507645
9.420289855072465,8.512467755803955
9.498956158663884,8.121468926553673
7.977207977207977,8.168529664660362
6.094182825484764,6.444053895723491
9.62962962962963,7.983193277310924
10.771992818671453,9.242871189773844
7.244501940491592,7.390983000739098
16.402116402116402,11.673151750972764
18.624641833810887,15.977443609022556
8.228980322003578,8.297690333618478
16.331658291457288,13.2569558101473
7.096774193548387,6.572164948453608
9.963099630996311,8.127721335268506
6.145251396648044,4.25531914893617
17.333333333333336,12.76595744680851
5.158730158730158,6.940063091482649
21.515151515151516,19.90632318501171
5.46218487394958,5.22875816993464
11.378002528445005,11.794439764111205
5.214723926380368,4.773869346733668
14.470284237726098,13.822525597269625
3.0303030303030303,6.3535911602209945
12.5,13.43612334801762
8.436724565756824,13.647642679900745
5.347593582887701,7.276507276507277
7.450980392156863,7.761194029850747
9.46236559139785,10.183875530410182
12.687427912341406,12.040133779264213
12.112112112112111,11.272475795297371
9.22266139657444,10.596026490066224
9.123434704830053,8.595988538681947
12.563667232597624,8.706786171574905
12.60229132569558,10.914179104477611
7.6555023923444985,9.74910394265233
13.671875,9.60960960960961
20.646766169154226,15.833333333333334
10.457516339869281,10.89108910891089
18.930957683741646,14.074074074074073
10.227272727272727,10.10807374443738
12.209302325581396,10.969568294409058
4.4,3.858520900321544
27.41935483870968,17.913832199546484
13.945578231292517,12.181303116147308
5.035971223021583,6.951871657754011
15.89041095890411,18.76288659793814
18.844984802431608,16.738197424892704
15.975422427035332,16.633064516129032
17.582417582417584,16.700610997963338
5.303030303030303,4.076086956521739
15.358361774744026,11.704834605597963
19.35483870967742,17.658349328214967
10.775427995971803,13.782252989301448
11.138310893512852,14.616019818331957
4.81586402266289,7.900677200902934
12.440191387559807,14.645669291338582
0.6734006734006733,3.72093023255814
15.760869565217392,19.475655430711612
12.5,11.949685534591193
14.343434343434344,15.633802816901408
20.07952286282306,20.487106017191977
11.414790996784566,14.480587618048268
7.159353348729792,6.790123456790123
5.25,9.073724007561436
7.5,8.205128205128204
4.6875,7.969151670951157
16.33835457705678,16.652789342214824
15.74167507568113,16.457461645746164
10.594315245478036,13.669650122050449
12.140287769784173,13.063583815028903
13.114754098360656,13.607990012484393
14.035087719298245,16.604477611940297
12.227602905569007,15.61365286855483
22.535211267605632,23.5207100591716
0.3597122302158274,0.7594936708860759
19.16167664670659,17.28665207877462
10.416666666666666,8.396946564885496
18.51851851851852,15.773353751914243
12.660256410256409,15.447822514379624
19.871794871794872,19.054441260744984
13.016528925619834,13.769035532994923
13.371428571428572,13.756983240223462
21.53846153846154,22.122762148337596
2.127659574468085,1.8567639257294428
18.53932584269663,15.04950495049505
22.332506203473947,17.25978647686833
13.836477987421384,11.19221411192214
8.376963350785338,8.582089552238806
14.965986394557822,13.349514563106796
14.444444444444446,14.573643410852712
20.0,18.85245901639344
8.766233766233766,10.084033613445378
7.552870090634441,7.663896583564174
18.27586206896552,18.36734693877551
14.529914529914532,17.086834733893557
15.086206896551726,14.467408585055644
8.426966292134832,4.980842911877394
13.963963963963963,9.634551495016613
21.283783783783782,19.431279620853083
8.608490566037734,8.907185628742514
9.714285714285714,11.053024645257654
5.839416058394161,7.5316455696202524
11.229314420803785,11.523283346487766
8.881922675026122,9.909281228192603
9.151193633952255,12.687224669603525
6.343283582089551,6.647398843930636
16.666666666666668,16.57250470809793
0.9433962264150944,3.374233128834356
18.12366737739872,18.105849582172702
14.26086956521739,13.058823529411764
18.897637795275593,16.75824175824176
17.22488038277512,17.132867132867133
13.443396226415095,13.375796178343949
16.367713004484308,12.269938650306749
6.967485069674851,6.954156954156954
14.912280701754383,12.376933895921237
9.54954954954955,12.61467889908257
7.670454545454545,9.333333333333332
5.329153605015674,8.333333333333332
10.204081632653061,7.931034482758621
5.868544600938967,8.456973293768545
10.059880239520957,11.76470588235294
9.25925925925926,10.240112994350284
9.25925925925926,10.650887573964498
6.934812760055479,8.967851099830796
7.393715341959335,8.328445747800586
9.403254972875226,9.128065395095367
9.565217391304348,11.208576998050681
7.672634271099744,9.527326440177253
14.660831509846826,12.210200927357032
23.75,24.940617577197145
0.0,1.4035087719298245
20.384615384615383,12.368421052631579
10.42654028436019,10.452961672473869
10.76923076923077,12.206572769953052
15.718157181571817,16.787003610108304
9.380530973451327,10.863986313088109
14.148681055155876,11.419753086419753
8.963282937365012,9.067357512953368
9.14560770156438,10.304789550072567
13.721413721413722,13.557046979865772
2.525252525252525,2.9962546816479403
22.545454545454543,17.705735660847882
25.153374233128837,20.087336244541483
13.991769547325102,12.258064516129034
18.852459016393446,18.18181818181818
